claim_id,claim_type,topic,claim_text,companies,mechanism,direction,horizon,metric,value,unit,source_report_id,source_title,page,section,source_tier,evidence_span,confidence,as_of_date,exposure_level,review_status,reviewer_note,quality_flags,conflict_group_id
claim_53ad2342f7f9081f,company_exposure,液冷,紫光股份 对 液冷 的公司敞口为 indirect：拥有产品液冷技术创新产品。证据：2025年，公司又陆续推出多款液冷技术创新产品及配套解决方案,"[""紫光股份""]",紫光股份 在 液冷 的关系为拥有产品液冷技术创新产品,neutral,near_term,,2025,,annual_000938_2025,2025年年度报告,15,覆盖全球的销售网络,1,2025年，公司又陆续推出多款液冷技术创新产品及配套解决方案,0.90,2025,indirect,auto,,,
claim_2d7f1a307c52e938,company_exposure,液冷,紫光股份 对 液冷 的公司敞口为 mentioned：拥有产品全光网络5.0解决方案。证据：发布全光网络5.0 解决方案,"[""紫光股份""]",紫光股份 在 液冷 的关系为拥有产品全光网络5.0解决方案,neutral,,,5.0,,annual_000938_2025,2025年年度报告,17,力利用率，关键部件实现液冷散热，为万亿参数模型训练提供强大支持，兼具高效与绿色特性。,1,发布全光网络5.0 解决方案,0.90,2025,mentioned,auto,,,
claim_3ecb647b4264a73b,company_exposure,液冷,紫光股份 对 液冷 的公司敞口为 mentioned：拥有产品800G国芯智算交换机。证据：发布基于国产关键芯片与核心元器件的800G 国芯智算交换机,"[""紫光股份""]",紫光股份 在 液冷 的关系为拥有产品800G国芯智算交换机,neutral,,,800,,annual_000938_2025,2025年年度报告,17,力利用率，关键部件实现液冷散热，为万亿参数模型训练提供强大支持，兼具高效与绿色特性。,1,发布基于国产关键芯片与核心元器件的800G 国芯智算交换机,0.90,2025,mentioned,auto,,,
claim_4b75c92cbc47de78,company_exposure,液冷,紫光股份 对 液冷 的公司敞口为 mentioned：拥有产品51.2T CPO硅光数据中心交换机。证据：51.2T CPO 硅光数据中心交换机产品融合核心技术优势,"[""紫光股份""]",紫光股份 在 液冷 的关系为拥有产品51.2T CPO硅光数据中心交换机,neutral,,,51.2,,annual_000938_2025,2025年年度报告,17,力利用率，关键部件实现液冷散热，为万亿参数模型训练提供强大支持，兼具高效与绿色特性。,1,51.2T CPO 硅光数据中心交换机产品融合核心技术优势,0.90,2025,mentioned,auto,,,
claim_535484df684d81c3,company_exposure,液冷,紫光股份 对 液冷 的公司敞口为 mentioned：拥有产品H3C UniServer G7系列模块化服务器。证据：公司H3C UniServer G7 系列模块化服务器以丰富的软硬件生态兼容性，适用于集群训练、训推一体、边缘推理等场景,"[""紫光股份""]",紫光股份 在 液冷 的关系为拥有产品H3C UniServer G7系列模块化服务器,neutral,,,3,,annual_000938_2025,2025年年度报告,17,力利用率，关键部件实现液冷散热，为万亿参数模型训练提供强大支持，兼具高效与绿色特性。,1,公司H3C UniServer G7 系列模块化服务器以丰富的软硬件生态兼容性，适用于集群训练、训推一体、边缘推理等场景,0.90,2025,mentioned,auto,,,
claim_60dab9bde6c5f01d,company_exposure,液冷,紫光股份 对 液冷 的公司敞口为 mentioned：拥有产品国芯超低时延交换机。证据：公司发布了面向极速交易场景的新一代国芯超低时延交换机,"[""紫光股份""]",紫光股份 在 液冷 的关系为拥有产品国芯超低时延交换机,neutral,,,,,annual_000938_2025,2025年年度报告,17,力利用率，关键部件实现液冷散热，为万亿参数模型训练提供强大支持，兼具高效与绿色特性。,1,公司发布了面向极速交易场景的新一代国芯超低时延交换机,0.90,2025,mentioned,auto,,,
claim_6d38ddeb63effea9,company_exposure,液冷,紫光股份 对 液冷 的公司敞口为 mentioned：涉及技术Scale-up整机柜技术。证据：公司重点推进CPO 技术与Scale-up 整机柜两大前沿技术方向研究,"[""紫光股份""]",紫光股份 在 液冷 的关系为涉及技术Scale-up整机柜技术,neutral,,,,,annual_000938_2025,2025年年度报告,17,力利用率，关键部件实现液冷散热，为万亿参数模型训练提供强大支持，兼具高效与绿色特性。,1,公司重点推进CPO 技术与Scale-up 整机柜两大前沿技术方向研究,0.90,2025,mentioned,auto,,,
claim_8d79b795987fbcb5,company_exposure,液冷,紫光股份 对 液冷 的公司敞口为 mentioned：涉及技术CPO技术。证据：公司重点推进CPO 技术与Scale-up 整机柜两大前沿技术方向研究,"[""紫光股份""]",紫光股份 在 液冷 的关系为涉及技术CPO技术,neutral,,,,,annual_000938_2025,2025年年度报告,17,力利用率，关键部件实现液冷散热，为万亿参数模型训练提供强大支持，兼具高效与绿色特性。,1,公司重点推进CPO 技术与Scale-up 整机柜两大前沿技术方向研究,0.90,2025,mentioned,auto,,,
claim_8f98bc41363475ce,company_exposure,液冷,紫光股份 对 液冷 的公司敞口为 mentioned：拥有产品Cloudnet云管。证据：2025 年Cloudnet 云管业务快速增长,"[""紫光股份""]",紫光股份 在 液冷 的关系为拥有产品Cloudnet云管,neutral,near_term,,2025,,annual_000938_2025,2025年年度报告,17,力利用率，关键部件实现液冷散热，为万亿参数模型训练提供强大支持，兼具高效与绿色特性。,1,2025 年Cloudnet 云管业务快速增长,0.90,2025,mentioned,auto,,,
claim_d43ac4f93bc1463a,company_exposure,液冷,紫光股份 对 液冷 的公司敞口为 indirect：拥有产品H3C UniPoD S80000超节点。证据：H3C UniPoD S80000 超节点产品，大幅提升通信效率和模型算力利用率，关键部件实现液冷散热，为万亿参数模型训练提供强大支持,"[""紫光股份""]",紫光股份 在 液冷 的关系为拥有产品H3C UniPoD S80000超节点,neutral,,,3,,annual_000938_2025,2025年年度报告,17,力利用率，关键部件实现液冷散热，为万亿参数模型训练提供强大支持，兼具高效与绿色特性。,1,H3C UniPoD S80000 超节点产品，大幅提升通信效率和模型算力利用率，关键部件实现液冷散热，为万亿参数模型训练提供强大支持,0.90,2025,indirect,auto,,,
claim_e8e1b19d47399ab3,company_exposure,液冷,紫光股份 对 液冷 的公司敞口为 mentioned：拥有产品DDC架构新一代无损网络解决方案。证据：发布基于DDC（Diversity Dynamic-Connectivity，多元动态联接）架构的新一代无损网络解决方案,"[""紫光股份""]",紫光股份 在 液冷 的关系为拥有产品DDC架构新一代无损网络解决方案,neutral,,,,,annual_000938_2025,2025年年度报告,17,力利用率，关键部件实现液冷散热，为万亿参数模型训练提供强大支持，兼具高效与绿色特性。,1,发布基于DDC（Diversity Dynamic-Connectivity，多元动态联接）架构的新一代无损网络解决方案,0.90,2025,mentioned,auto,,,
claim_f7b4f838c774d2e0,company_exposure,液冷,紫光股份 对 液冷 的公司敞口为 indirect：涉及技术液冷散热。证据：关键部件实现液冷散热,"[""紫光股份""]",紫光股份 在 液冷 的关系为涉及技术液冷散热,neutral,,,,,annual_000938_2025,2025年年度报告,17,力利用率，关键部件实现液冷散热，为万亿参数模型训练提供强大支持，兼具高效与绿色特性。,1,关键部件实现液冷散热,0.90,2025,indirect,auto,,,
claim_fec12c43404f8bf4,company_exposure,液冷,紫光股份 对 液冷 的公司敞口为 mentioned：拥有产品灵犀智算方案V5.0。证据：公司灵犀智算方案迭代至V5.0 版本，全面支持私域训推、大规模训练、垂直行业类AI 应用开发三类智算中心的建设需求,"[""紫光股份""]",紫光股份 在 液冷 的关系为拥有产品灵犀智算方案V5.0,neutral,,,5.0,,annual_000938_2025,2025年年度报告,17,力利用率，关键部件实现液冷散热，为万亿参数模型训练提供强大支持，兼具高效与绿色特性。,1,公司灵犀智算方案迭代至V5.0 版本，全面支持私域训推、大规模训练、垂直行业类AI 应用开发三类智算中心的建设需求,0.90,2025,mentioned,auto,,,
claim_1e0bb7065ee929e1,mechanism,液冷,"液冷 的技术机理：IRDS 2024 Executive Packaging Tutorial Part 1：The use of C4 technology enabled higher clock speeds and better thermal management, which were crucial for the performance demands of this high-end processor.",[],液冷 由 The use of C4 technology enabled higher clock speeds and better thermal manag... 驱动,positive,,,,,industry_tech_irds_packaging_tutorial_2024,IRDS 2024 Executive Packaging Tutorial Part 1,34,Flip Chip Technology,1,"The use of C4 technology enabled higher clock speeds and better thermal management, which were crucial for the performance demands of this high-end processor.",0.78,2024,,auto,,,
claim_d6ea5ea938722301,mechanism,液冷,"液冷 的技术机理：IRDS 2024 Executive Packaging Tutorial Part 1：Enhanced Thermal Management—The use of an interposer and the design of the CoWoS package can improve heat dissipation, which is essential for high-performance chips that generate significant amounts of heat.",[],液冷 由 Enhanced Thermal Management—The use of an interposer and the design of the Co... 驱动,positive,,,,,industry_tech_irds_packaging_tutorial_2024,IRDS 2024 Executive Packaging Tutorial Part 1,95,AI,1,"Enhanced Thermal Management—The use of an interposer and the design of the CoWoS package can improve heat dissipation, which is essential for high-performance chips that generate significant amounts of heat.",0.78,2024,,auto,,,
claim_96c53801fe8ebeff,mechanism,液冷,"液冷 的技术机理：UCIe 2.0 Specification Continuing Innovation to Drive an Open Chiplet Ecosystem：The mechanisms supported include discovery of chiplets and their conﬁguration; initialization of chiplet structures and parameters (i.e., serial EEPROM replacement); ﬁrmware download; power and thermal management; error reporting; telemetry; retrieval of log and crash dump information; test and debug; initiation and reporting of self-test status; and various aspects of chiplet security.",[],液冷 由 The mechanisms supported include discovery of chiplets and their conﬁguration... 驱动,positive,,,,,industry_tech_ucie_2_whitepaper_2024,UCIe 2.0 Specification Continuing Innovation to Drive an Open Chiplet Ecosystem,2,,1,"The mechanisms supported include discovery of chiplets and their conﬁguration; initialization of chiplet structures and parameters (i.e., serial EEPROM replacement); ﬁrmware download; power and thermal management; error reporting; telemetry; retrieval of log and crash dump information; test and debug; initiation and reporting of self-test status; and various aspects of chiplet security.",0.78,2024,,auto,,,
claim_fa00a2dc98773fc7,bottleneck,液冷,液冷 的约束或瓶颈：HIR 2023 Thermal：This power electronics power density increase to 100 kW/L represents a factor of 5 to 10 increase with respect to the state-of-the-art electric-drive vehicle power electronics.,[],液冷 受 This power electronics power density increase to 100 kW/L represents a factor... 约束,negative,,,,,industry_tech_hir_thermal_2023,HIR 2023 Thermal,9,5 Heterogeneous Integration for Harsh En,1,This power electronics power density increase to 100 kW/L represents a factor of 5 to 10 increase with respect to the state-of-the-art electric-drive vehicle power electronics.,0.78,2023,,auto,,,
claim_b7e38ef9cb05f511,bottleneck,液冷,"液冷 的约束或瓶颈：IRDS 2024 Executive Packaging Tutorial Part 1：The use of C4 technology enabled higher clock speeds and better thermal management, which were crucial for the performance demands of this high-end processor.",[],液冷 受 The use of C4 technology enabled higher clock speeds and better thermal manag... 约束,negative,,,,,industry_tech_irds_packaging_tutorial_2024,IRDS 2024 Executive Packaging Tutorial Part 1,34,Flip Chip Technology,1,"The use of C4 technology enabled higher clock speeds and better thermal management, which were crucial for the performance demands of this high-end processor.",0.78,2024,,auto,,,
claim_e6fafeeac3c9512a,bottleneck,液冷,"液冷 的约束或瓶颈：IRDS 2024 Executive Packaging Tutorial Part 1：3D Chips Stacking Thermal Management Stacking chips in integrated circuits, commonly known as 3D IC packaging, presents several thermal challenges.",[],"液冷 受 3D Chips Stacking Thermal Management Stacking chips in integrated circuits, c... 约束",negative,,,,,industry_tech_irds_packaging_tutorial_2024,IRDS 2024 Executive Packaging Tutorial Part 1,51,AI,1,"3D Chips Stacking Thermal Management Stacking chips in integrated circuits, commonly known as 3D IC packaging, presents several thermal challenges.",0.78,2024,,auto,,,
claim_4cb916206d4bc7b0,bottleneck,液冷,"液冷 的约束或瓶颈：IRDS 2024 Executive Packaging Tutorial Part 1：Effective thermal management is crucial in applications where ICs operate at high power levels or in compact, high-density environments.",[],液冷 受 Effective thermal management is crucial in applications where ICs operate at ... 约束,negative,,,,,industry_tech_irds_packaging_tutorial_2024,IRDS 2024 Executive Packaging Tutorial Part 1,78,AI,1,"Effective thermal management is crucial in applications where ICs operate at high power levels or in compact, high-density environments.",0.78,2024,,auto,,,
claim_d998895eddeed8e3,bottleneck,液冷,"液冷 的约束或瓶颈：IRDS 2024 Executive Packaging Tutorial Part 1：Enhanced Thermal Management—The use of an interposer and the design of the CoWoS package can improve heat dissipation, which is essential for high-performance chips that generate significant amounts of heat.",[],液冷 受 Enhanced Thermal Management—The use of an interposer and the design of the Co... 约束,negative,,,,,industry_tech_irds_packaging_tutorial_2024,IRDS 2024 Executive Packaging Tutorial Part 1,95,AI,1,"Enhanced Thermal Management—The use of an interposer and the design of the CoWoS package can improve heat dissipation, which is essential for high-performance chips that generate significant amounts of heat.",0.78,2024,,auto,,,
claim_173f07fdab9cec4a,bottleneck,液冷,"液冷 的约束或瓶颈：UCIe 2.0 Specification Continuing Innovation to Drive an Open Chiplet Ecosystem：The mechanisms supported include discovery of chiplets and their conﬁguration; initialization of chiplet structures and parameters (i.e., serial EEPROM replacement); ﬁrmware download; power and thermal management; error reporting; telemetry; retrieval of log and crash dump information; test and debug; initiation and reporting of self-test status; and various aspects of chiplet security.",[],液冷 受 The mechanisms supported include discovery of chiplets and their conﬁguration... 约束,negative,,,,,industry_tech_ucie_2_whitepaper_2024,UCIe 2.0 Specification Continuing Innovation to Drive an Open Chiplet Ecosystem,2,,1,"The mechanisms supported include discovery of chiplets and their conﬁguration; initialization of chiplet structures and parameters (i.e., serial EEPROM replacement); ﬁrmware download; power and thermal management; error reporting; telemetry; retrieval of log and crash dump information; test and debug; initiation and reporting of self-test status; and various aspects of chiplet security.",0.78,2024,,auto,,,
claim_4b2ad10c436ca5ab,indicator,液冷,液冷 的可跟踪指标：HIR 2023 Thermal：This power electronics power density increase to 100 kW/L represents a factor of 5 to 10 increase with respect to the state-of-the-art electric-drive vehicle power electronics.,[],液冷 可通过 This power electronics power density increase to 100 kW/L represents a factor... 跟踪,neutral,,power density,100 kW,kW,industry_tech_hir_thermal_2023,HIR 2023 Thermal,9,5 Heterogeneous Integration for Harsh En,1,This power electronics power density increase to 100 kW/L represents a factor of 5 to 10 increase with respect to the state-of-the-art electric-drive vehicle power electronics.,0.78,2023,,auto,,,
claim_1ea7cc2ac64c7643,supply_chain,液冷,"液冷 的产业传导：IRDS 2024 Executive Packaging Tutorial Part 1：3D Chips Stacking Thermal Management Stacking chips in integrated circuits, commonly known as 3D IC packaging, presents several thermal challenges.",[],"液冷 的产业链传导涉及 3D Chips Stacking Thermal Management Stacking chips in integrated circuits, c...",neutral,,,,,industry_tech_irds_packaging_tutorial_2024,IRDS 2024 Executive Packaging Tutorial Part 1,51,AI,1,"3D Chips Stacking Thermal Management Stacking chips in integrated circuits, commonly known as 3D IC packaging, presents several thermal challenges.",0.78,2024,,auto,,,
claim_b0c148adda26e320,trend,液冷,"液冷 的技术趋势：FlashAttention Fast and Memory-Efficient Exact Attention with IO-Awareness：Setup We measure runtime and memory usage of the attention computation with 8 heads of dimension 64, and batch size 16 on a machine with one A100 GPU with 40 GB of GPU HBM.",[],液冷 由 Setup We measure runtime and memory usage of the attention computation with 8... 驱动,neutral,,,,,industry_tech_flashattention_2022,FlashAttention Fast and Memory-Efficient Exact Attention with IO-Awareness,30,AI,2,"Setup We measure runtime and memory usage of the attention computation with 8 heads of dimension 64, and batch size 16 on a machine with one A100 GPU with 40 GB of GPU HBM.",0.70,2022,,auto,,,
claim_d8e76bd568d9219a,company_exposure,AI芯片,紫光股份 对 AI芯片 的公司敞口为 mentioned：拥有产品大模型一体机产品。证据：发布基于DeepSeek大模型一体机全系列产品,"[""紫光股份""]",紫光股份 在 AI芯片 的关系为拥有产品大模型一体机产品,neutral,,,,,annual_000938_2025,2025年年度报告,25,费用,1,发布基于DeepSeek大模型一体机全系列产品,1.00,2025,mentioned,auto,,,
claim_21aa25f4b47e0029,company_exposure,AI芯片,紫光股份 对 AI芯片 的公司敞口为 indirect：涉及技术FPGA加速。证据：通过新一代处理器及FPGA 加速卡升级，新建连接性能同比提升 160%,"[""紫光股份""]",紫光股份 在 AI芯片 的关系为涉及技术FPGA加速,neutral,,,160,%,annual_000938_2025,2025年年度报告,26,费用,1,通过新一代处理器及FPGA 加速卡升级，新建连接性能同比提升 160%,1.00,2025,indirect,auto,,,
claim_5cffb20695e6f100,mechanism,AI芯片,AI芯片 的技术机理：IRDS 2024 Executive Packaging Tutorial Part 1：In the end this approach called 2.5D was successful and prevailed in the marketplace; for the first time the crucial role of advanced packaging stood up and forever changed the role of packaging from a passive participant to an active enabler.,[],AI芯片 由 In the end this approach called 2.5D was successful and prevailed in the mark... 驱动,positive,,,,,industry_tech_irds_packaging_tutorial_2024,IRDS 2024 Executive Packaging Tutorial Part 1,10,AI,1,In the end this approach called 2.5D was successful and prevailed in the marketplace; for the first time the crucial role of advanced packaging stood up and forever changed the role of packaging from a passive participant to an active enabler.,0.78,2024,,auto,,,
claim_b89e30e6dcdb98c9,mechanism,AI芯片,"AI芯片 的技术机理：IRDS 2024 Executive Packaging Tutorial Part 1：The following are important key trends expected to shape the future of semiconductor packaging: Advanced Packaging Technologies • 2.5D and 3D Packaging—These technologies enable stacking multiple chips on top of each other or side by side, leading to better performance and lower power consumption.",[],AI芯片 由 The following are important key trends expected to shape the future of semico... 驱动,positive,,,,,industry_tech_irds_packaging_tutorial_2024,IRDS 2024 Executive Packaging Tutorial Part 1,50,Organic Laminates,1,"The following are important key trends expected to shape the future of semiconductor packaging: Advanced Packaging Technologies • 2.5D and 3D Packaging—These technologies enable stacking multiple chips on top of each other or side by side, leading to better performance and lower power consumption.",0.78,2024,,auto,,,
claim_52f9a46ed1d6b684,mechanism,AI芯片,"AI芯片 的技术机理：IRDS 2024 Executive Packaging Tutorial Part 1：o No Large Interposer Needed—Unlike traditional 2.5D packaging, which requires a large silicon interposer to connect chiplets, EMIB uses small, localized bridges, which simplifies the manufacturing process and reduces costs.",[],"AI芯片 由 o No Large Interposer Needed—Unlike traditional 2.5D packaging, which require... 驱动",positive,,,,,industry_tech_irds_packaging_tutorial_2024,IRDS 2024 Executive Packaging Tutorial Part 1,101,High Bandwidth and Low Latency:,1,"o No Large Interposer Needed—Unlike traditional 2.5D packaging, which requires a large silicon interposer to connect chiplets, EMIB uses small, localized bridges, which simplifies the manufacturing process and reduces costs.",0.78,2024,,auto,,,
claim_216fed1dce395707,mechanism,AI芯片,"AI芯片 的技术机理：UCIe 2.0 Specification Continuing Innovation to Drive an Open Chiplet Ecosystem：The mechanisms supported include discovery of chiplets and their conﬁguration; initialization of chiplet structures and parameters (i.e., serial EEPROM replacement); ﬁrmware download; power and thermal management; error reporting; telemetry; retrieval of log and crash dump information; test and debug; initiation and reporting of self-test status; and various aspects of chiplet security.",[],AI芯片 由 The mechanisms supported include discovery of chiplets and their conﬁguration... 驱动,positive,,,,,industry_tech_ucie_2_whitepaper_2024,UCIe 2.0 Specification Continuing Innovation to Drive an Open Chiplet Ecosystem,2,,1,"The mechanisms supported include discovery of chiplets and their conﬁguration; initialization of chiplet structures and parameters (i.e., serial EEPROM replacement); ﬁrmware download; power and thermal management; error reporting; telemetry; retrieval of log and crash dump information; test and debug; initiation and reporting of self-test status; and various aspects of chiplet security.",0.78,2024,,auto,,,
claim_c998467fcc8e8aea,mechanism,AI芯片,"AI芯片 的技术机理：UCIe 2.0 Specification Continuing Innovation to Drive an Open Chiplet Ecosystem：Vertically-Integrated Chiplets for Signiﬁcant Power Performance Improvements with UCIe-3D When the UCIe Consortium was formed in March 2022, we released the well-deﬁned UCIe 1.0 Speciﬁcation addressing planar connectivity (2D and 2.5D).",[],AI芯片 由 Vertically-Integrated Chiplets for Signiﬁcant Power Performance Improvements ... 驱动,positive,,,,,industry_tech_ucie_2_whitepaper_2024,UCIe 2.0 Specification Continuing Innovation to Drive an Open Chiplet Ecosystem,4,,1,"Vertically-Integrated Chiplets for Signiﬁcant Power Performance Improvements with UCIe-3D When the UCIe Consortium was formed in March 2022, we released the well-deﬁned UCIe 1.0 Speciﬁcation addressing planar connectivity (2D and 2.5D).",0.78,2024,,auto,,,
claim_ecf4e7a1471fc329,mechanism,AI芯片,AI芯片 的技术机理：UCIe 2.0 Specification Continuing Innovation to Drive an Open Chiplet Ecosystem：The manageability and DFx enhancements signify | | the on-going commitment to improve existing approaches whereas UCIe-3D denotes our willingness | | to take on the necessary challenges of delivering exponential improvements in power-efifcient | | performance.,[],AI芯片 由 The manageability and DFx enhancements signify | | the on-going commitment to... 驱动,positive,,,,,industry_tech_ucie_2_whitepaper_2024,UCIe 2.0 Specification Continuing Innovation to Drive an Open Chiplet Ecosystem,6,Conclusion,1,The manageability and DFx enhancements signify | | the on-going commitment to improve existing approaches whereas UCIe-3D denotes our willingness | | to take on the necessary challenges of delivering exponential improvements in power-efifcient | | performance.,0.78,2024,,auto,,,
claim_c401723904cd2376,mechanism,AI芯片,"AI芯片 的技术机理：Ultra Ethernet Specification v1.0.2：Scale-up network 1.5.1.1 Frontend Network The frontend network is the operational network in datacenters that connects all compute nodes to the outside world (e.g., other datacenters or end customers on the Internet).",[],AI芯片 由 Scale-up network 1.5.1.1 Frontend Network The frontend network is the operati... 驱动,positive,,,,,industry_tech_ultra_ethernet_1_0_2_2026,Ultra Ethernet Specification v1.0.2,49,5 Networking,1,"Scale-up network 1.5.1.1 Frontend Network The frontend network is the operational network in datacenters that connects all compute nodes to the outside world (e.g., other datacenters or end customers on the Internet).",0.78,2026,,auto,,,
claim_d508cf1c450c0825,mechanism,AI芯片,"AI芯片 的技术机理：DeepSeek-V3 Technical Report：To achieve efficient inference and cost-effective training, DeepSeek-V3 adopts Multi-head Latent Attention (MLA) and DeepSeekMoE architectures, which were thoroughly validated in DeepSeek-V2.",[],"AI芯片 由 To achieve efficient inference and cost-effective training, DeepSeek-V3 adopt... 驱动",positive,,,,,industry_tech_deepseek_v3_2025,DeepSeek-V3 Technical Report,1,DeepSeek-AI,2,"To achieve efficient inference and cost-effective training, DeepSeek-V3 adopts Multi-head Latent Attention (MLA) and DeepSeekMoE architectures, which were thoroughly validated in DeepSeek-V2.",0.70,2025,,auto,,,
claim_0acb0cf8b10771f7,mechanism,AI芯片,"AI芯片 的技术机理：DeepSeek-V3 Technical Report：In addition, we also develop efficient cross-node all-to-all communication kernels to fully utilize InfiniBand (IB) and NVLink bandwidths.",[],"AI芯片 由 In addition, we also develop efficient cross-node all-to-all communication ke... 驱动",positive,,,,,industry_tech_deepseek_v3_2025,DeepSeek-V3 Technical Report,4,Introduction,2,"In addition, we also develop efficient cross-node all-to-all communication kernels to fully utilize InfiniBand (IB) and NVLink bandwidths.",0.70,2025,,auto,,,
claim_4e4d71cafe361ebc,mechanism,AI芯片,"AI芯片 的技术机理：DeepSeek-V3 Technical Report：To further push the boundaries of open-source model capabilities, we scale up our models and introduce DeepSeek-V3, a large Mixture-of-Experts (MoE) model with 671B parameters, of which 37B are activated for each token.",[],"AI芯片 由 To further push the boundaries of open-source model capabilities, we scale up... 驱动",positive,,,,,industry_tech_deepseek_v3_2025,DeepSeek-V3 Technical Report,4,Introduction,2,"To further push the boundaries of open-source model capabilities, we scale up our models and introduce DeepSeek-V3, a large Mixture-of-Experts (MoE) model with 671B parameters, of which 37B are activated for each token.",0.70,2025,,auto,,,
claim_26de099b0ce0fc3e,mechanism,AI芯片,"AI芯片 的技术机理：DeepSeek-V3 Technical Report：Subsequently, we introduce our infrastructures, encompassing our compute clusters, the training framework, the support for FP8 training, the inference deployment strategy, and our suggestions on future hardware design.",[],"AI芯片 由 Subsequently, we introduce our infrastructures, encompassing our compute clus... 驱动",positive,,,,,industry_tech_deepseek_v3_2025,DeepSeek-V3 Technical Report,6,Architecture,2,"Subsequently, we introduce our infrastructures, encompassing our compute clusters, the training framework, the support for FP8 training, the inference deployment strategy, and our suggestions on future hardware design.",0.70,2025,,auto,,,
claim_45d84cd785682b42,mechanism,AI芯片,"AI芯片 的技术机理：DeepSeek-V3 Technical Report：For efficient inference and economical training, DeepSeek-V3 also adopts MLA and DeepSeekMoE, which have been thoroughly validated by DeepSeek-V2.",[],"AI芯片 由 For efficient inference and economical training, DeepSeek-V3 also adopts MLA ... 驱动",positive,,,,,industry_tech_deepseek_v3_2025,DeepSeek-V3 Technical Report,6,Basic Architecture,2,"For efficient inference and economical training, DeepSeek-V3 also adopts MLA and DeepSeekMoE, which have been thoroughly validated by DeepSeek-V2.",0.70,2025,,auto,,,
claim_4a1d3f6838f35a1f,mechanism,AI芯片,"AI芯片 的技术机理：DeepSeek-V3 Technical Report：Secondly, we develop efficient cross-node all-to-all communication kernels to fully utilize IB and NVLink bandwidths and conserve Streaming Multiprocessors (SMs) dedicated to communication.",[],"AI芯片 由 Secondly, we develop efficient cross-node all-to-all communication kernels to... 驱动",positive,,,,,industry_tech_deepseek_v3_2025,DeepSeek-V3 Technical Report,12,Training Framework,2,"Secondly, we develop efficient cross-node all-to-all communication kernels to fully utilize IB and NVLink bandwidths and conserve Streaming Multiprocessors (SMs) dedicated to communication.",0.70,2025,,auto,,,
claim_4cb7ea49be36b5a8,mechanism,AI芯片,"AI芯片 的技术机理：DeepSeek-V3 Technical Report：This overlap also ensures that, as the model further scales up, as long as we maintain a constant computation-to-communication ratio, we can still employ fine-grained experts across nodes while achieving a near-zero all-to-all communication overhead.",[],"AI芯片 由 This overlap also ensures that, as the model further scales up, as long as we... 驱动",positive,,,,,industry_tech_deepseek_v3_2025,DeepSeek-V3 Technical Report,12,Training Framework,2,"This overlap also ensures that, as the model further scales up, as long as we maintain a constant computation-to-communication ratio, we can still employ fine-grained experts across nodes while achieving a near-zero all-to-all communication overhead.",0.70,2025,,auto,,,
claim_b0658d3ec8010737,mechanism,AI芯片,"AI芯片 的技术机理：DeepSeek-V3 Technical Report：Furthermore, to reduce application programming complexity, we aim for this hardware to unify the IB (scale-out) and NVLink (scale-up) networks from the perspective of the computation units.",[],"AI芯片 由 Furthermore, to reduce application programming complexity, we aim for this ha... 驱动",positive,,,,,industry_tech_deepseek_v3_2025,DeepSeek-V3 Technical Report,20,Suggestions on Hardware Design,2,"Furthermore, to reduce application programming complexity, we aim for this hardware to unify the IB (scale-out) and NVLink (scale-up) networks from the perspective of the computation units.",0.70,2025,,auto,,,
claim_d2c4dd3bee9bef3a,mechanism,AI芯片,"AI芯片 的技术机理：DeepSeek-V3 Technical Report：As DeepSeek-V2, DeepSeek-V3 also employs additional RMSNorm layers after the compressed latent vectors, and multiplies additional scaling factors at the width bottlenecks.",[],"AI芯片 由 As DeepSeek-V2, DeepSeek-V3 also employs additional RMSNorm layers after the ... 驱动",positive,,,,,industry_tech_deepseek_v3_2025,DeepSeek-V3 Technical Report,22,Hyper-Parameters,2,"As DeepSeek-V2, DeepSeek-V3 also employs additional RMSNorm layers after the compressed latent vectors, and multiplies additional scaling factors at the width bottlenecks.",0.70,2025,,auto,,,
claim_79c75ec0a7de2e19,mechanism,AI芯片,"AI芯片 的技术机理：Fire-Flyer AI-HPC Cost-Effective Software-Hardware Co-Design for Deep Learning：Model FLOPs Utilization (MFU), which assesses the ratio of observed throughput to theoretical maximum throughput (assuming 100% peak FLOPS), serves as the standard metric for evaluating training efficiency.",[],"AI芯片 由 Model FLOPs Utilization (MFU), which assesses the ratio of observed throughpu... 驱动",positive,,,,,industry_tech_fire_flyer_ai_hpc_2024,Fire-Flyer AI-HPC Cost-Effective Software-Hardware Co-Design for Deep Learning,2,AI,2,"Model FLOPs Utilization (MFU), which assesses the ratio of observed throughput to theoretical maximum throughput (assuming 100% peak FLOPS), serves as the standard metric for evaluating training efficiency.",0.70,2024,,auto,,,
claim_4935bb382be403dd,mechanism,AI芯片,"AI芯片 的技术机理：Fire-Flyer AI-HPC Cost-Effective Software-Hardware Co-Design for Deep Learning： TPUv Gaudi  KNL K  GTX  HBME HBM  Pentium  HBM   NVLink . GDDR HBM GDDR PCIe . NVLink .  PCIe . PCIe . .         There are additional strategies and algorithms to accelerate training or reduce memory usage, such as Activation Recomputation [34], [35], as well as enhanced communication and computation overlap during parallelism [36], among others.",[],AI芯片 由  TPUv Gaudi  KNL K  GTX  HBME HBM  Pentium  HBM   N... 驱动,positive,,,,,industry_tech_fire_flyer_ai_hpc_2024,Fire-Flyer AI-HPC Cost-Effective Software-Hardware Co-Design for Deep Learning,3,AI,2," TPUv Gaudi  KNL K  GTX  HBME HBM  Pentium  HBM   NVLink . GDDR HBM GDDR PCIe . NVLink .  PCIe . PCIe . .         There are additional strategies and algorithms to accelerate training or reduce memory usage, such as Activation Recomputation [34], [35], as well as enhanced communication and computation overlap during parallelism [36], among others.",0.70,2024,,auto,,,
claim_5fc26c19f33042b9,mechanism,AI芯片,"AI芯片 的技术机理：Fire-Flyer AI-HPC Cost-Effective Software-Hardware Co-Design for Deep Learning：1) NVLink Bridge Enables Tensor Parallel between PCIe GPUs: With the advent of LLMs, we integrated the NVLink Bridge into our system.",[],AI芯片 由 1) NVLink Bridge Enables Tensor Parallel between PCIe GPUs: With the advent o... 驱动,positive,,,,,industry_tech_fire_flyer_ai_hpc_2024,Fire-Flyer AI-HPC Cost-Effective Software-Hardware Co-Design for Deep Learning,8,NVLink Bridge Enables Tensor Parallel be,2,"1) NVLink Bridge Enables Tensor Parallel between PCIe GPUs: With the advent of LLMs, we integrated the NVLink Bridge into our system.",0.70,2024,,auto,,,
claim_97b48b81964542fe,mechanism,AI芯片,"AI芯片 的技术机理：FlashAttention Fast and Memory-Efficient Exact Attention with IO-Awareness：Additionally, block-sparse FlashAttention enables the Transformers to scale to sequence length 64K, achieving 63.1 accuracy4 on Path-256.",[],"AI芯片 由 Additionally, block-sparse FlashAttention enables the Transformers to scale t... 驱动",positive,,,,,industry_tech_flashattention_2022,FlashAttention Fast and Memory-Efficient Exact Attention with IO-Awareness,9,3 Benchmarking Attentio,2,"Additionally, block-sparse FlashAttention enables the Transformers to scale to sequence length 64K, achieving 63.1 accuracy4 on Path-256.",0.70,2022,,auto,,,
claim_bfa683cacb3762fc,mechanism,AI芯片,"AI芯片 的技术机理：Challenges and Opportunities to Enable Large-Scale Computing via Heterogeneous Chiplets：### Integration Technology Design Cycle Cost/$ Integration Energy Efficiency Performance | Monolithic ASIC Chiplet PCB | >1 year >1,000,000 +++ +++ +++ months 1,000-1,000,000 ++ ++ ++ weeks 100-10,000 + + + | | --- | --- |",[],AI芯片 由 ### Integration Technology Design Cycle Cost/$ Integration Energy Efficiency ... 驱动,positive,,,,,industry_tech_heterogeneous_chiplets_ai_2024,Challenges and Opportunities to Enable Large-Scale Computing via Heterogeneous Chiplets,2,AI,2,"### Integration Technology Design Cycle Cost/$ Integration Energy Efficiency Performance | Monolithic ASIC Chiplet PCB | >1 year >1,000,000 +++ +++ +++ months 1,000-1,000,000 ++ ++ ++ weeks 100-10,000 + + + | | --- | --- |",0.70,2024,,auto,,,
claim_76b7a804e0463256,mechanism,AI芯片,"AI芯片 的技术机理：Challenges and Opportunities to Enable Large-Scale Computing via Heterogeneous Chiplets：### Protocol Institution Typical Energy Efficiency (pJ/bit) Maximum Speed (Gbps/wire) Fault Tolerance Mechanism | USR [21] AIB [22], [23] BoW [24], [25] HBM [26] LINPINCON [27] UCIe [28] AAC [29], [30] | \\ <0.6 [21] >20 [21] N/A Intel 0.85 (Gen1) 2 (Gen1) [22], 6.4 (Gen2) [23] N/A ODSA <0.25-1.0 [25] 32 [24] N/A JESDC \\ 6.4 ECC TSMC 0.424 2.8 N/A UCIe Union 0.25-1.25 [28] 32 GT/s [28] CRC + Retransmission China Chiplet Industry Alliance 2.5 [29] 128 [30] CRC + BER + Retransmission | | --- | --",[],AI芯片 由 ### Protocol Institution Typical Energy Efficiency (pJ/bit) Maximum Speed (Gb... 驱动,positive,,,,,industry_tech_heterogeneous_chiplets_ai_2024,Challenges and Opportunities to Enable Large-Scale Computing via Heterogeneous Chiplets,4,AI,2,"### Protocol Institution Typical Energy Efficiency (pJ/bit) Maximum Speed (Gbps/wire) Fault Tolerance Mechanism | USR [21] AIB [22], [23] BoW [24], [25] HBM [26] LINPINCON [27] UCIe [28] AAC [29], [30] | \\ <0.6 [21] >20 [21] N/A Intel 0.85 (Gen1) 2 (Gen1) [22], 6.4 (Gen2) [23] N/A ODSA <0.25-1.0 [25] 32 [24] N/A JESDC \\ 6.4 ECC TSMC 0.424 2.8 N/A UCIe Union 0.25-1.25 [28] 32 GT/s [28] CRC + Retransmission China Chiplet Industry Alliance 2.5 [29] 128 [30] CRC + BER + Retransmission | | --- | --",0.70,2024,,auto,,,
claim_20df03f74d5c0008,mechanism,AI芯片,"AI芯片 的技术机理：Challenges and Opportunities to Enable Large-Scale Computing via Heterogeneous Chiplets：y efficiency, heterogeneous integration based on chiplet becomes a promising way to keep scaling while minimizing the total cost.",[],"AI芯片 由 y efficiency, heterogeneous integration based on chiplet becomes a promising ... 驱动",positive,,,,,industry_tech_heterogeneous_chiplets_ai_2024,Challenges and Opportunities to Enable Large-Scale Computing via Heterogeneous Chiplets,5,AI,2,"y efficiency, heterogeneous integration based on chiplet becomes a promising way to keep scaling while minimizing the total cost.",0.70,2024,,auto,,,
claim_26a60c007f698fa3,mechanism,AI芯片,"AI芯片 的技术机理：Challenges and Opportunities to Enable Large-Scale Computing via Heterogeneous Chiplets：CONCLUSION With the boom in AI models and fast-increasing demands on performance and energy efficiency, heterogeneous integration based on chiplet becomes a promising way to keep scaling while minimizing the total cost.",[],AI芯片 由 CONCLUSION With the boom in AI models and fast-increasing demands on performa... 驱动,positive,,,,,industry_tech_heterogeneous_chiplets_ai_2024,Challenges and Opportunities to Enable Large-Scale Computing via Heterogeneous Chiplets,5,AI,2,"CONCLUSION With the boom in AI models and fast-increasing demands on performance and energy efficiency, heterogeneous integration based on chiplet becomes a promising way to keep scaling while minimizing the total cost.",0.70,2024,,auto,,,
claim_22f06ca40622b1c3,mechanism,AI芯片,"AI芯片 的技术机理：Efficient Memory Management for Large Language Model Serving with PagedAttention：5.1 Kernel-level Optimization Since PagedAttention introduces memory access patterns that are not efficiently supported by existing systems, we develop several GPU kernels for optimizing it.",[],AI芯片 由 5.1 Kernel-level Optimization Since PagedAttention introduces memory access p... 驱动,positive,,,,,industry_tech_pagedattention_vllm_2023,Efficient Memory Management for Large Language Model Serving with PagedAttention,9,1 Kernel-level Optimization,2,"5.1 Kernel-level Optimization Since PagedAttention introduces memory access patterns that are not efficiently supported by existing systems, we develop several GPU kernels for optimizing it.",0.70,2023,,auto,,,
claim_fe4095e4551ad1ad,bottleneck,AI芯片,AI芯片 的约束或瓶颈：HIR 2023 Thermal：This power electronics power density increase to 100 kW/L represents a factor of 5 to 10 increase with respect to the state-of-the-art electric-drive vehicle power electronics.,[],AI芯片 受 This power electronics power density increase to 100 kW/L represents a factor... 约束,negative,,,,,industry_tech_hir_thermal_2023,HIR 2023 Thermal,9,5 Heterogeneous Integration for Harsh En,1,This power electronics power density increase to 100 kW/L represents a factor of 5 to 10 increase with respect to the state-of-the-art electric-drive vehicle power electronics.,0.78,2023,,auto,,,
claim_5b2eed74309a78eb,bottleneck,AI芯片,"AI芯片 的约束或瓶颈：IRDS 2024 Executive Packaging Tutorial Part 1：ts multiple HBM stacks, ensuring sufficient memory bandwidth to keep the GPU cores fed with data.",[],"AI芯片 受 ts multiple HBM stacks, ensuring sufficient memory bandwidth to keep the GPU ... 约束",negative,,,,,industry_tech_irds_packaging_tutorial_2024,IRDS 2024 Executive Packaging Tutorial Part 1,99,AI,1,"ts multiple HBM stacks, ensuring sufficient memory bandwidth to keep the GPU cores fed with data.",0.78,2024,,auto,,,
claim_ce2314a092edb9f8,bottleneck,AI芯片,"AI芯片 的约束或瓶颈：IRDS 2024 Executive Packaging Tutorial Part 1：Advanced Packaging Technologies: o Foveros 3D Stacking—Intel’s Foveros technology enables 3D stacking of chiplets, where one tile can be stacked on top of another, significantly increasing density and performance while reducing latency.",[],AI芯片 受 Advanced Packaging Technologies: o Foveros 3D Stacking—Intel’s Foveros techno... 约束,negative,,,,,industry_tech_irds_packaging_tutorial_2024,IRDS 2024 Executive Packaging Tutorial Part 1,99,Xe-HPC Architecture:,1,"Advanced Packaging Technologies: o Foveros 3D Stacking—Intel’s Foveros technology enables 3D stacking of chiplets, where one tile can be stacked on top of another, significantly increasing density and performance while reducing latency.",0.78,2024,,auto,,,
claim_45c8e7761ee805a6,bottleneck,AI芯片,"AI芯片 的约束或瓶颈：IRDS 2024 Executive Packaging Tutorial Part 1：o HBM2e Chiplets—The HBM2e memory is integrated as chiplets, providing high memory bandwidth directly on the package, reducing the need for external memory access and improving performance.",[],"AI芯片 受 o HBM2e Chiplets—The HBM2e memory is integrated as chiplets, providing high m... 约束",negative,,,,,industry_tech_irds_packaging_tutorial_2024,IRDS 2024 Executive Packaging Tutorial Part 1,100,Compute Chiplets:,1,"o HBM2e Chiplets—The HBM2e memory is integrated as chiplets, providing high memory bandwidth directly on the package, reducing the need for external memory access and improving performance.",0.78,2024,,auto,,,
claim_cbc7a8e8908d5054,bottleneck,AI芯片,"AI芯片 的约束或瓶颈：IRDS 2024 Executive Packaging Tutorial Part 1：EMIB provides a robust solution for horizontal chiplet integration, offering high bandwidth and low latency communication, while Foveros allows for vertical stacking, increasing transistor density and enabling heterogeneous integration.",[],"AI芯片 受 EMIB provides a robust solution for horizontal chiplet integration, offering ... 约束",negative,,,,,industry_tech_irds_packaging_tutorial_2024,IRDS 2024 Executive Packaging Tutorial Part 1,104,Interconnect vs. Stacking:,1,"EMIB provides a robust solution for horizontal chiplet integration, offering high bandwidth and low latency communication, while Foveros allows for vertical stacking, increasing transistor density and enabling heterogeneous integration.",0.78,2024,,auto,,,
claim_9283a69d2219045b,bottleneck,AI芯片,"AI芯片 的约束或瓶颈：UCIe 2.0 Specification Continuing Innovation to Drive an Open Chiplet Ecosystem：Debendra Das Sharma Intel Senior Fellow and co-GM Memory and I/O Technologies Chair of UCIe Consortium Universal Chiplet Interconnect ExpressTM (UCIeTM) is an open industry standard interconnect offering high-bandwidth, low-latency, power-efficient, and cost-effective on-package connectivity between chiplets.",[],AI芯片 受 Debendra Das Sharma Intel Senior Fellow and co-GM Memory and I/O Technologies... 约束,negative,,,,,industry_tech_ucie_2_whitepaper_2024,UCIe 2.0 Specification Continuing Innovation to Drive an Open Chiplet Ecosystem,1,,1,"Debendra Das Sharma Intel Senior Fellow and co-GM Memory and I/O Technologies Chair of UCIe Consortium Universal Chiplet Interconnect ExpressTM (UCIeTM) is an open industry standard interconnect offering high-bandwidth, low-latency, power-efficient, and cost-effective on-package connectivity between chiplets.",0.78,2024,,auto,,,
claim_2da3e8e112357084,bottleneck,AI芯片,"AI芯片 的约束或瓶颈：UCIe 2.0 Specification Continuing Innovation to Drive an Open Chiplet Ecosystem：The mechanisms supported include discovery of chiplets and their conﬁguration; initialization of chiplet structures and parameters (i.e., serial EEPROM replacement); ﬁrmware download; power and thermal management; error reporting; telemetry; retrieval of log and crash dump information; test and debug; initiation and reporting of self-test status; and various aspects of chiplet security.",[],AI芯片 受 The mechanisms supported include discovery of chiplets and their conﬁguration... 约束,negative,,,,,industry_tech_ucie_2_whitepaper_2024,UCIe 2.0 Specification Continuing Innovation to Drive an Open Chiplet Ecosystem,2,,1,"The mechanisms supported include discovery of chiplets and their conﬁguration; initialization of chiplet structures and parameters (i.e., serial EEPROM replacement); ﬁrmware download; power and thermal management; error reporting; telemetry; retrieval of log and crash dump information; test and debug; initiation and reporting of self-test status; and various aspects of chiplet security.",0.78,2024,,auto,,,
claim_1b85b0d27664fee8,bottleneck,AI芯片,"AI芯片 的约束或瓶颈：UCIe 2.0 Specification Continuing Innovation to Drive an Open Chiplet Ecosystem：As shown in Table 1, even at 4 GT/s frequency, there are orders of magnitude improvement in bandwidth density over UCIe 2.5D at 32 GT/s (e.g., 300 TB/s/mm2 with UCIe-3D at 1 µm bump pitch vs 1.35 TB/s/mm2 with UCIe-2.5D at 25 µm bump pitch).",[],"AI芯片 受 As shown in Table 1, even at 4 GT/s frequency, there are orders of magnitude ... 约束",negative,,,,,industry_tech_ucie_2_whitepaper_2024,UCIe 2.0 Specification Continuing Innovation to Drive an Open Chiplet Ecosystem,6,,1,"As shown in Table 1, even at 4 GT/s frequency, there are orders of magnitude improvement in bandwidth density over UCIe 2.5D at 32 GT/s (e.g., 300 TB/s/mm2 with UCIe-3D at 1 µm bump pitch vs 1.35 TB/s/mm2 with UCIe-2.5D at 25 µm bump pitch).",0.78,2024,,auto,,,
claim_3d043b6b808b16b0,bottleneck,AI芯片,"AI芯片 的约束或瓶颈：DeepSeek-V3 Technical Report：In addition, we also develop efficient cross-node all-to-all communication kernels to fully utilize InfiniBand (IB) and NVLink bandwidths.",[],"AI芯片 受 In addition, we also develop efficient cross-node all-to-all communication ke... 约束",negative,,,,,industry_tech_deepseek_v3_2025,DeepSeek-V3 Technical Report,4,Introduction,2,"In addition, we also develop efficient cross-node all-to-all communication kernels to fully utilize InfiniBand (IB) and NVLink bandwidths.",0.70,2025,,auto,,,
claim_34bb7cf0564cc0a4,bottleneck,AI芯片,"AI芯片 的约束或瓶颈：DeepSeek-V3 Technical Report：Secondly, we develop efficient cross-node all-to-all communication kernels to fully utilize IB and NVLink bandwidths and conserve Streaming Multiprocessors (SMs) dedicated to communication.",[],"AI芯片 受 Secondly, we develop efficient cross-node all-to-all communication kernels to... 约束",negative,,,,,industry_tech_deepseek_v3_2025,DeepSeek-V3 Technical Report,12,Training Framework,2,"Secondly, we develop efficient cross-node all-to-all communication kernels to fully utilize IB and NVLink bandwidths and conserve Streaming Multiprocessors (SMs) dedicated to communication.",0.70,2025,,auto,,,
claim_5d9e3b78853c2ddd,bottleneck,AI芯片,"AI芯片 的约束或瓶颈：DeepSeek-V3 Technical Report：This overlap also ensures that, as the model further scales up, as long as we maintain a constant computation-to-communication ratio, we can still employ fine-grained experts across nodes while achieving a near-zero all-to-all communication overhead.",[],"AI芯片 受 This overlap also ensures that, as the model further scales up, as long as we... 约束",negative,,,,,industry_tech_deepseek_v3_2025,DeepSeek-V3 Technical Report,12,Training Framework,2,"This overlap also ensures that, as the model further scales up, as long as we maintain a constant computation-to-communication ratio, we can still employ fine-grained experts across nodes while achieving a near-zero all-to-all communication overhead.",0.70,2025,,auto,,,
claim_939e9fa0ceb07d21,bottleneck,AI芯片,"AI芯片 的约束或瓶颈：DeepSeek-V3 Technical Report：In the current Tensor Core implementation of the NVIDIA Hopper architecture, FP8 GEMM suffers from limited accumulation precision.",[],"AI芯片 受 In the current Tensor Core implementation of the NVIDIA Hopper architecture, ... 约束",negative,near_term,,,,industry_tech_deepseek_v3_2025,DeepSeek-V3 Technical Report,20,Compute Hardware,2,"In the current Tensor Core implementation of the NVIDIA Hopper architecture, FP8 GEMM suffers from limited accumulation precision.",0.70,2025,,auto,,,
claim_7cd3119e533c50c2,bottleneck,AI芯片,"AI芯片 的约束或瓶颈：DeepSeek-V3 Technical Report：As DeepSeek-V2, DeepSeek-V3 also employs additional RMSNorm layers after the compressed latent vectors, and multiplies additional scaling factors at the width bottlenecks.",[],"AI芯片 受 As DeepSeek-V2, DeepSeek-V3 also employs additional RMSNorm layers after the ... 约束",negative,,,,,industry_tech_deepseek_v3_2025,DeepSeek-V3 Technical Report,22,Hyper-Parameters,2,"As DeepSeek-V2, DeepSeek-V3 also employs additional RMSNorm layers after the compressed latent vectors, and multiplies additional scaling factors at the width bottlenecks.",0.70,2025,,auto,,,
claim_5054e81ee652f3b9,bottleneck,AI芯片,AI芯片 的约束或瓶颈：Fire-Flyer AI-HPC Cost-Effective Software-Hardware Co-Design for Deep Learning：China research@deepseek.com Abstract—The rapid progress in Deep Learning (DL) and Large Language Models (LLMs) has exponentially increased demands of computational power and bandwidth.,[],AI芯片 受 China research@deepseek.com Abstract—The rapid progress in Deep Learning (DL)... 约束,negative,,,,,industry_tech_fire_flyer_ai_hpc_2024,Fire-Flyer AI-HPC Cost-Effective Software-Hardware Co-Design for Deep Learning,1,AI,2,China research@deepseek.com Abstract—The rapid progress in Deep Learning (DL) and Large Language Models (LLMs) has exponentially increased demands of computational power and bandwidth.,0.70,2024,,auto,,,
claim_1e55c31b08b895e4,bottleneck,AI芯片,"AI芯片 的约束或瓶颈：Fire-Flyer AI-HPC Cost-Effective Software-Hardware Co-Design for Deep Learning：Discussion on Congestion Control in RDMA Networks 1) GPU Xid Error: An Xid error [88] is a general GPU fault message that originates from the NVIDIA driver, logged into the kernel or event log of the operating system.",[],AI芯片 受 Discussion on Congestion Control in RDMA Networks 1) GPU Xid Error: An Xid er... 约束,negative,,,,,industry_tech_fire_flyer_ai_hpc_2024,Fire-Flyer AI-HPC Cost-Effective Software-Hardware Co-Design for Deep Learning,11,GPU Xid Error: An Xid error [88] is a ge,2,"Discussion on Congestion Control in RDMA Networks 1) GPU Xid Error: An Xid error [88] is a general GPU fault message that originates from the NVIDIA driver, logged into the kernel or event log of the operating system.",0.70,2024,,auto,,,
claim_a2f7b2feb3f7ee7c,bottleneck,AI芯片,"AI芯片 的约束或瓶颈：Fire-Flyer AI-HPC Cost-Effective Software-Hardware Co-Design for Deep Learning：To mitigate this, IB NICs use DCQCN (Data Center Quantized Congestion Notification) [93] as their congestion control algorithm.",[],"AI芯片 受 To mitigate this, IB NICs use DCQCN (Data Center Quantized Congestion Notific... 约束",negative,,,,,industry_tech_fire_flyer_ai_hpc_2024,Fire-Flyer AI-HPC Cost-Effective Software-Hardware Co-Design for Deep Learning,11,GPU Xid Error: An Xid error [88] is a ge,2,"To mitigate this, IB NICs use DCQCN (Data Center Quantized Congestion Notification) [93] as their congestion control algorithm.",0.70,2024,,auto,,,
claim_a2b2cd530a277534,bottleneck,AI芯片,"AI芯片 的约束或瓶颈：Challenges and Opportunities to Enable Large-Scale Computing via Heterogeneous Chiplets：From the deep learning inference aspect, for example in real-time application scenarios where low latency is required, ASICs are designed in the seek for better customization.",[],"AI芯片 受 From the deep learning inference aspect, for example in real-time application... 约束",negative,,,,,industry_tech_heterogeneous_chiplets_ai_2024,Challenges and Opportunities to Enable Large-Scale Computing via Heterogeneous Chiplets,1,CTC = TimeComp.,2,"From the deep learning inference aspect, for example in real-time application scenarios where low latency is required, ASICs are designed in the seek for better customization.",0.70,2024,,auto,,,
claim_f9c7a4ddd6b153ca,bottleneck,AI芯片,"AI芯片 的约束或瓶颈：Challenges and Opportunities to Enable Large-Scale Computing via Heterogeneous Chiplets：There is a trend showing that every two years, the peak hardware throughput increases 3x but the bandwidth only increases 1.6x [15].",[],"AI芯片 受 There is a trend showing that every two years, the peak hardware throughput i... 约束",negative,,,,,industry_tech_heterogeneous_chiplets_ai_2024,Challenges and Opportunities to Enable Large-Scale Computing via Heterogeneous Chiplets,2,AI,2,"There is a trend showing that every two years, the peak hardware throughput increases 3x but the bandwidth only increases 1.6x [15].",0.70,2024,,auto,,,
claim_228a580ac6d87b64,bottleneck,AI芯片,"AI芯片 的约束或瓶颈：Challenges and Opportunities to Enable Large-Scale Computing via Heterogeneous Chiplets：At present, there are many parallel interface standards, such as Advanced Interface Bus (AIB) [22], Bunch of Wires (BoW) [24], high bandwidth memory (HBM) interconnect [26], Low-voltage-In-PackageINter-CONnect (LINPINCON) [27], Universal Chiplet Interconnect Express (UCIe) [34], Advanced Cost-driven Chiplet (ACC) [30].",[],"AI芯片 受 At present, there are many parallel interface standards, such as Advanced Int... 约束",negative,,,,,industry_tech_heterogeneous_chiplets_ai_2024,Challenges and Opportunities to Enable Large-Scale Computing via Heterogeneous Chiplets,3,AI,2,"At present, there are many parallel interface standards, such as Advanced Interface Bus (AIB) [22], Bunch of Wires (BoW) [24], high bandwidth memory (HBM) interconnect [26], Low-voltage-In-PackageINter-CONnect (LINPINCON) [27], Universal Chiplet Interconnect Express (UCIe) [34], Advanced Cost-driven Chiplet (ACC) [30].",0.70,2024,,auto,,,
claim_6fe5e9f104cfc359,bottleneck,AI芯片,"AI芯片 的约束或瓶颈：Challenges and Opportunities to Enable Large-Scale Computing via Heterogeneous Chiplets：Therefore, to decrease inference latency, chiplets with more memory channels or higher I/O bandwidth are preferred to be integrated into the SiP.",[],"AI芯片 受 Therefore, to decrease inference latency, chiplets with more memory channels ... 约束",negative,,,,,industry_tech_heterogeneous_chiplets_ai_2024,Challenges and Opportunities to Enable Large-Scale Computing via Heterogeneous Chiplets,3,AI,2,"Therefore, to decrease inference latency, chiplets with more memory channels or higher I/O bandwidth are preferred to be integrated into the SiP.",0.70,2024,,auto,,,
claim_96422048bf12ec31,bottleneck,AI芯片,"AI芯片 的约束或瓶颈：Challenges and Opportunities to Enable Large-Scale Computing via Heterogeneous Chiplets：Eris et al., “Leveraging thermally-aware chiplet organization in 2.5 d systems to reclaim dark silicon,” in DATE.",[],"AI芯片 受 Eris et al., “Leveraging thermally-aware chiplet organization in 2.5 d system... 约束",negative,,,,,industry_tech_heterogeneous_chiplets_ai_2024,Challenges and Opportunities to Enable Large-Scale Computing via Heterogeneous Chiplets,6,[45] “IEEE Standard for Test Access Arch,2,"Eris et al., “Leveraging thermally-aware chiplet organization in 2.5 d systems to reclaim dark silicon,” in DATE.",0.70,2024,,auto,,,
claim_afebb1f57150b172,bottleneck,AI芯片,"AI芯片 的约束或瓶颈：Challenges and Opportunities to Enable Large-Scale Computing via Heterogeneous Chiplets：Ma et al., “Tap-2.5d: A thermally-aware chiplet placement m",[],"AI芯片 受 Ma et al., “Tap-2.5d: A thermally-aware chiplet placement m 约束",negative,,,,,industry_tech_heterogeneous_chiplets_ai_2024,Challenges and Opportunities to Enable Large-Scale Computing via Heterogeneous Chiplets,6,AI,2,"Ma et al., “Tap-2.5d: A thermally-aware chiplet placement m",0.70,2024,,auto,,,
claim_4b9200cbf228664b,indicator,AI芯片,AI芯片 的可跟踪指标：HIR 2023 Thermal：This power electronics power density increase to 100 kW/L represents a factor of 5 to 10 increase with respect to the state-of-the-art electric-drive vehicle power electronics.,[],AI芯片 可通过 This power electronics power density increase to 100 kW/L represents a factor... 跟踪,neutral,,power density,100 kW,kW,industry_tech_hir_thermal_2023,HIR 2023 Thermal,9,5 Heterogeneous Integration for Harsh En,1,This power electronics power density increase to 100 kW/L represents a factor of 5 to 10 increase with respect to the state-of-the-art electric-drive vehicle power electronics.,0.78,2023,,auto,,,
claim_cf6e210ac51a0c63,indicator,AI芯片,"AI芯片 的可跟踪指标：IRDS 2024 More Moore：Data and HPC servers – cache integration, memory, IO • AI accelerators in enterprise/cloud • Codec ASICs - 24/7/365 continuous run of video and audio (codec), 5 years minimum time • Networking – Always-on, 500W power envelope • Advanced driver assistance system (ADAS) chips – Autonomous driving • Memory and IO solutions for AI, graphics, HPC Novel compute fabrics • Neural processing unit",[],"AI芯片 可通过 Data and HPC servers – cache integration, memory, IO • AI accelerators in ent... 跟踪",neutral,,,500W,W,industry_tech_irds_more_moore_2024,IRDS 2024 More Moore,6,INTRODUCTION,1,"Data and HPC servers – cache integration, memory, IO • AI accelerators in enterprise/cloud • Codec ASICs - 24/7/365 continuous run of video and audio (codec), 5 years minimum time • Networking – Always-on, 500W power envelope • Advanced driver assistance system (ADAS) chips – Autonomous driving • Memory and IO solutions for AI, graphics, HPC Novel compute fabrics • Neural processing unit",0.78,2024,,auto,,,
claim_21b600ae8d0ff937,indicator,AI芯片,"AI芯片 的可跟踪指标：IRDS 2024 Executive Packaging Tutorial Part 1：Advanced Packaging Technologies: o Foveros 3D Stacking—Intel’s Foveros technology enables 3D stacking of chiplets, where one tile can be stacked on top of another, significantly increasing density and performance while reducing latency.",[],AI芯片 可通过 Advanced Packaging Technologies: o Foveros 3D Stacking—Intel’s Foveros techno... 跟踪,neutral,,latency,,,industry_tech_irds_packaging_tutorial_2024,IRDS 2024 Executive Packaging Tutorial Part 1,99,Xe-HPC Architecture:,1,"Advanced Packaging Technologies: o Foveros 3D Stacking—Intel’s Foveros technology enables 3D stacking of chiplets, where one tile can be stacked on top of another, significantly increasing density and performance while reducing latency.",0.78,2024,,auto,,,
claim_9355dc15ea44803e,indicator,AI芯片,"AI芯片 的可跟踪指标：UCIe 2.0 Specification Continuing Innovation to Drive an Open Chiplet Ecosystem：Vertically-Integrated Chiplets for Signiﬁcant Power Performance Improvements with UCIe-3D When the UCIe Consortium was formed in March 2022, we released the well-deﬁned UCIe 1.0 Speciﬁcation addressing planar connectivity (2D and 2.5D).",[],AI芯片 可通过 Vertically-Integrated Chiplets for Signiﬁcant Power Performance Improvements ... 跟踪,neutral,,,,,industry_tech_ucie_2_whitepaper_2024,UCIe 2.0 Specification Continuing Innovation to Drive an Open Chiplet Ecosystem,4,,1,"Vertically-Integrated Chiplets for Signiﬁcant Power Performance Improvements with UCIe-3D When the UCIe Consortium was formed in March 2022, we released the well-deﬁned UCIe 1.0 Speciﬁcation addressing planar connectivity (2D and 2.5D).",0.78,2024,,auto,,,
claim_45e72aca4f066e78,indicator,AI芯片,"AI芯片 的可跟踪指标：UCIe 2.0 Specification Continuing Innovation to Drive an Open Chiplet Ecosystem：As shown in Table 1, even at 4 GT/s frequency, there are orders of magnitude improvement in bandwidth density over UCIe 2.5D at 32 GT/s (e.g., 300 TB/s/mm2 with UCIe-3D at 1 µm bump pitch vs 1.35 TB/s/mm2 with UCIe-2.5D at 25 µm bump pitch).",[],"AI芯片 可通过 As shown in Table 1, even at 4 GT/s frequency, there are orders of magnitude ... 跟踪",neutral,,bandwidth,4 GT/s,GT/s,industry_tech_ucie_2_whitepaper_2024,UCIe 2.0 Specification Continuing Innovation to Drive an Open Chiplet Ecosystem,6,,1,"As shown in Table 1, even at 4 GT/s frequency, there are orders of magnitude improvement in bandwidth density over UCIe 2.5D at 32 GT/s (e.g., 300 TB/s/mm2 with UCIe-3D at 1 µm bump pitch vs 1.35 TB/s/mm2 with UCIe-2.5D at 25 µm bump pitch).",0.78,2024,,auto,,,
claim_ec0a33210f9e9ff0,indicator,AI芯片,"AI芯片 的可跟踪指标：DeepSeek-V3 Technical Report：To further push the boundaries of open-source model capabilities, we scale up our models and introduce DeepSeek-V3, a large Mixture-of-Experts (MoE) model with 671B parameters, of which 37B are activated for each token.",[],"AI芯片 可通过 To further push the boundaries of open-source model capabilities, we scale up... 跟踪",neutral,,parameters,671B parameters,parameters,industry_tech_deepseek_v3_2025,DeepSeek-V3 Technical Report,4,Introduction,2,"To further push the boundaries of open-source model capabilities, we scale up our models and introduce DeepSeek-V3, a large Mixture-of-Experts (MoE) model with 671B parameters, of which 37B are activated for each token.",0.70,2025,,auto,,,
claim_72ef8815aed022c5,indicator,AI芯片,"AI芯片 的可跟踪指标：DeepSeek-V3 Technical Report：On the factual knowledge benchmark, SimpleQA, DeepSeek-V3 falls behind GPT-4o and Claude-Sonnet, primarily due to its design focus and resource allocation.",[],"AI芯片 可通过 On the factual knowledge benchmark, SimpleQA, DeepSeek-V3 falls behind GPT-4o... 跟踪",neutral,,,,,industry_tech_deepseek_v3_2025,DeepSeek-V3 Technical Report,32,AI,2,"On the factual knowledge benchmark, SimpleQA, DeepSeek-V3 falls behind GPT-4o and Claude-Sonnet, primarily due to its design focus and resource allocation.",0.70,2025,,auto,,,
claim_81a0245513807f2a,indicator,AI芯片,"AI芯片 的可跟踪指标：Fire-Flyer AI-HPC Cost-Effective Software-Hardware Co-Design for Deep Learning：Model FLOPs Utilization (MFU), which assesses the ratio of observed throughput to theoretical maximum throughput (assuming 100% peak FLOPS), serves as the standard metric for evaluating training efficiency.",[],"AI芯片 可通过 Model FLOPs Utilization (MFU), which assesses the ratio of observed throughpu... 跟踪",neutral,,throughput,100%,%,industry_tech_fire_flyer_ai_hpc_2024,Fire-Flyer AI-HPC Cost-Effective Software-Hardware Co-Design for Deep Learning,2,AI,2,"Model FLOPs Utilization (MFU), which assesses the ratio of observed throughput to theoretical maximum throughput (assuming 100% peak FLOPS), serves as the standard metric for evaluating training efficiency.",0.70,2024,,auto,,,
claim_fa173d88fe9a505e,indicator,AI芯片,AI芯片 的可跟踪指标：Fire-Flyer AI-HPC Cost-Effective Software-Hardware Co-Design for Deep Learning：### Table I: Our Arch and DGX-A100 Server Hardware Details | | Our PCIe Arch | DGX-A100 | | --- | --- | --- | | CPU | 2 * AMD 32 Cores EPYC Rome/Milan CPU | 2 * AMD 64 Cores EPYC 7742 CPU | | Memory | 512GB 16-Channels DDR4-3200Mhz | 2048GB 16-Channels DDR4-3200Mhz | | GPU | 8 * PCIe-A100-40GB | 8 * SXM-A100-40GB | | NICs | 1 * Mellanox InfiniBand cx6 200Gbps NIC | 9 * Mellanox InfiniBand cx6 200Gbps NIC | | NVLINK | 600 GB/s between each pair of GPUs | 600 GB/s interconnect among all 8 GPUs |,[],AI芯片 可通过 ### Table I: Our Arch and DGX-A100 Server Hardware Details | | Our PCIe Arch ... 跟踪,neutral,,,600 GB/s,GB/s,industry_tech_fire_flyer_ai_hpc_2024,Fire-Flyer AI-HPC Cost-Effective Software-Hardware Co-Design for Deep Learning,4,AI,2,### Table I: Our Arch and DGX-A100 Server Hardware Details | | Our PCIe Arch | DGX-A100 | | --- | --- | --- | | CPU | 2 * AMD 32 Cores EPYC Rome/Milan CPU | 2 * AMD 64 Cores EPYC 7742 CPU | | Memory | 512GB 16-Channels DDR4-3200Mhz | 2048GB 16-Channels DDR4-3200Mhz | | GPU | 8 * PCIe-A100-40GB | 8 * SXM-A100-40GB | | NICs | 1 * Mellanox InfiniBand cx6 200Gbps NIC | 9 * Mellanox InfiniBand cx6 200Gbps NIC | | NVLINK | 600 GB/s between each pair of GPUs | 600 GB/s interconnect among all 8 GPUs |,0.70,2024,,auto,,,
claim_5dddebee21da564f,indicator,AI芯片,"AI芯片 的可跟踪指标：FlashAttention Fast and Memory-Efficient Exact Attention with IO-Awareness：4.3 Benchmarking Attention We vary sequence length and measure runtime and memory usage of FlashAttention and block-sparse FlashAttention against various attention baselines on one A100 GPU with 40 GB HBM, with dropout and a padding mask.",[],AI芯片 可通过 4.3 Benchmarking Attention We vary sequence length and measure runtime and me... 跟踪,neutral,,,,,industry_tech_flashattention_2022,FlashAttention Fast and Memory-Efficient Exact Attention with IO-Awareness,9,3 Benchmarking Attention,2,"4.3 Benchmarking Attention We vary sequence length and measure runtime and memory usage of FlashAttention and block-sparse FlashAttention against various attention baselines on one A100 GPU with 40 GB HBM, with dropout and a padding mask.",0.70,2022,,auto,,,
claim_a1f0e684abbb916d,indicator,AI芯片,"AI芯片 的可跟踪指标：Challenges and Opportunities to Enable Large-Scale Computing via Heterogeneous Chiplets：There is a trend showing that every two years, the peak hardware throughput increases 3x but the bandwidth only increases 1.6x [15].",[],"AI芯片 可通过 There is a trend showing that every two years, the peak hardware throughput i... 跟踪",neutral,,throughput,,,industry_tech_heterogeneous_chiplets_ai_2024,Challenges and Opportunities to Enable Large-Scale Computing via Heterogeneous Chiplets,2,AI,2,"There is a trend showing that every two years, the peak hardware throughput increases 3x but the bandwidth only increases 1.6x [15].",0.70,2024,,auto,,,
claim_4ccd886f64036f21,indicator,AI芯片,"AI芯片 的可跟踪指标：Challenges and Opportunities to Enable Large-Scale Computing via Heterogeneous Chiplets：### Protocol Institution Typical Energy Efficiency (pJ/bit) Maximum Speed (Gbps/wire) Fault Tolerance Mechanism | USR [21] AIB [22], [23] BoW [24], [25] HBM [26] LINPINCON [27] UCIe [28] AAC [29], [30] | \\ <0.6 [21] >20 [21] N/A Intel 0.85 (Gen1) 2 (Gen1) [22], 6.4 (Gen2) [23] N/A ODSA <0.25-1.0 [25] 32 [24] N/A JESDC \\ 6.4 ECC TSMC 0.424 2.8 N/A UCIe Union 0.25-1.25 [28] 32 GT/s [28] CRC + Retransmission China Chiplet Industry Alliance 2.5 [29] 128 [30] CRC + BER + Retransmission | | --- | --",[],AI芯片 可通过 ### Protocol Institution Typical Energy Efficiency (pJ/bit) Maximum Speed (Gb... 跟踪,neutral,,,32 GT/s,GT/s,industry_tech_heterogeneous_chiplets_ai_2024,Challenges and Opportunities to Enable Large-Scale Computing via Heterogeneous Chiplets,4,AI,2,"### Protocol Institution Typical Energy Efficiency (pJ/bit) Maximum Speed (Gbps/wire) Fault Tolerance Mechanism | USR [21] AIB [22], [23] BoW [24], [25] HBM [26] LINPINCON [27] UCIe [28] AAC [29], [30] | \\ <0.6 [21] >20 [21] N/A Intel 0.85 (Gen1) 2 (Gen1) [22], 6.4 (Gen2) [23] N/A ODSA <0.25-1.0 [25] 32 [24] N/A JESDC \\ 6.4 ECC TSMC 0.424 2.8 N/A UCIe Union 0.25-1.25 [28] 32 GT/s [28] CRC + Retransmission China Chiplet Industry Alliance 2.5 [29] 128 [30] CRC + BER + Retransmission | | --- | --",0.70,2024,,auto,,,
claim_8bc24d67605316c3,supply_chain,AI芯片,"AI芯片 的产业传导：IRDS 2024 More Moore：Data and HPC servers – cache integration, memory, IO • AI accelerators in enterprise/cloud • Codec ASICs - 24/7/365 continuous run of video and audio (codec), 5 years minimum time • Networking – Always-on, 500W power envelope • Advanced driver assistance system (ADAS) chips – Autonomous driving • Memory and IO solutions for AI, graphics, HPC Novel compute fabrics • Neural processing unit",[],"AI芯片 的产业链传导涉及 Data and HPC servers – cache integration, memory, IO • AI accelerators in ent...",neutral,,,,,industry_tech_irds_more_moore_2024,IRDS 2024 More Moore,6,INTRODUCTION,1,"Data and HPC servers – cache integration, memory, IO • AI accelerators in enterprise/cloud • Codec ASICs - 24/7/365 continuous run of video and audio (codec), 5 years minimum time • Networking – Always-on, 500W power envelope • Advanced driver assistance system (ADAS) chips – Autonomous driving • Memory and IO solutions for AI, graphics, HPC Novel compute fabrics • Neural processing unit",0.78,2024,,auto,,,
claim_5bdd9b88c7dd7c42,supply_chain,AI芯片,AI芯片 的产业传导：IRDS 2024 Executive Packaging Tutorial Part 1：In the end this approach called 2.5D was successful and prevailed in the marketplace; for the first time the crucial role of advanced packaging stood up and forever changed the role of packaging from a passive participant to an active enabler.,[],AI芯片 的产业链传导涉及 In the end this approach called 2.5D was successful and prevailed in the mark...,neutral,,,,,industry_tech_irds_packaging_tutorial_2024,IRDS 2024 Executive Packaging Tutorial Part 1,10,AI,1,In the end this approach called 2.5D was successful and prevailed in the marketplace; for the first time the crucial role of advanced packaging stood up and forever changed the role of packaging from a passive participant to an active enabler.,0.78,2024,,auto,,,
claim_b4030752473782e4,supply_chain,AI芯片,AI芯片 的产业传导：IRDS 2024 Executive Packaging Tutorial Part 1：In the end this approach called 2.5D was successful and prevailed in the marketplace; for the first time the crucial role of advanced packaging stood up and forever changed the ro,[],AI芯片 的产业链传导涉及 In the end this approach called 2.5D was successful and prevailed in the mark...,neutral,,,,,industry_tech_irds_packaging_tutorial_2024,IRDS 2024 Executive Packaging Tutorial Part 1,10,AI,1,In the end this approach called 2.5D was successful and prevailed in the marketplace; for the first time the crucial role of advanced packaging stood up and forever changed the ro,0.78,2024,,auto,,,
claim_d556f1896034df8c,supply_chain,AI芯片,AI芯片 的产业传导：IRDS 2024 Executive Packaging Tutorial Part 1：Among the newly created chapters a forward-looking chapter entitled “Heterogeneous Integration” was published and for the first time provided a novel view of the many integrated packaging and IC solutions coming in the next 15 years.,[],AI芯片 的产业链传导涉及 Among the newly created chapters a forward-looking chapter entitled “Heteroge...,neutral,,,,,industry_tech_irds_packaging_tutorial_2024,IRDS 2024 Executive Packaging Tutorial Part 1,11,AI,1,Among the newly created chapters a forward-looking chapter entitled “Heterogeneous Integration” was published and for the first time provided a novel view of the many integrated packaging and IC solutions coming in the next 15 years.,0.78,2024,,auto,,,
claim_bd5ca1b5945f2384,supply_chain,AI芯片,AI芯片 的产业传导：IRDS 2024 Executive Packaging Tutorial Part 1：| | Silicon | | Silicon substrates are used in advanced packaging techniques like silicon interposers in 2.5D and 3D ICs.,[],AI芯片 的产业链传导涉及 | | Silicon | | Silicon substrates are used in advanced packaging techniques ...,neutral,,,,,industry_tech_irds_packaging_tutorial_2024,IRDS 2024 Executive Packaging Tutorial Part 1,26,2024 IRDS EXECUTIVE PACKAGING TUTORIAL—PART 1,1,| | Silicon | | Silicon substrates are used in advanced packaging techniques like silicon interposers in 2.5D and 3D ICs.,0.78,2024,,auto,,,
claim_51eccaa4dc68709f,supply_chain,AI芯片,"AI芯片 的产业传导：IRDS 2024 Executive Packaging Tutorial Part 1：The following are important key trends expected to shape the future of semiconductor packaging: Advanced Packaging Technologies • 2.5D and 3D Packaging—These technologies enable stacking multiple chips on top of each other or side by side, leading to better performance and lower power consumption.",[],AI芯片 的产业链传导涉及 The following are important key trends expected to shape the future of semico...,neutral,,,,,industry_tech_irds_packaging_tutorial_2024,IRDS 2024 Executive Packaging Tutorial Part 1,50,Organic Laminates,1,"The following are important key trends expected to shape the future of semiconductor packaging: Advanced Packaging Technologies • 2.5D and 3D Packaging—These technologies enable stacking multiple chips on top of each other or side by side, leading to better performance and lower power consumption.",0.78,2024,,auto,,,
claim_0d37a8eff2acb638,supply_chain,AI芯片,"AI芯片 的产业传导：IRDS 2024 Executive Packaging Tutorial Part 1：Current State (2024)—Typical micropillar pitches in advanced packaging technologies, such as flip-chip and 2.5D/3D ICs, are in the range of 40-100 µm.",[],AI芯片 的产业链传导涉及 Current State (2024)—Typical micropillar pitches in advanced packaging techno...,neutral,near_term,,,,industry_tech_irds_packaging_tutorial_2024,IRDS 2024 Executive Packaging Tutorial Part 1,54,Manufacturing Complexity—Creating and in,1,"Current State (2024)—Typical micropillar pitches in advanced packaging technologies, such as flip-chip and 2.5D/3D ICs, are in the range of 40-100 µm.",0.78,2024,,auto,,,
claim_78583471551f21c0,supply_chain,AI芯片,"AI芯片 的产业传导：IRDS 2024 Executive Packaging Tutorial Part 1：Advanced Packaging and 3D Integration (2020s) • TSV Spacing—5 µm to 10 µm • Context—In the 2020s, TSVs became increasingly critical in high-performance computing, AI accelerators, and other advanced applications.",[],AI芯片 的产业链传导涉及 Advanced Packaging and 3D Integration (2020s) • TSV Spacing—5 µm to 10 µm • C...,neutral,,,,,industry_tech_irds_packaging_tutorial_2024,IRDS 2024 Executive Packaging Tutorial Part 1,59,AI,1,"Advanced Packaging and 3D Integration (2020s) • TSV Spacing—5 µm to 10 µm • Context—In the 2020s, TSVs became increasingly critical in high-performance computing, AI accelerators, and other advanced applications.",0.78,2024,,auto,,,
claim_973826797216cac5,supply_chain,AI芯片,AI芯片 的产业传导：IRDS 2024 Executive Packaging Tutorial Part 1：SiP integrates multiple chiplets or dice into a single package using advanced 3D packaging techniques.,[],AI芯片 的产业链传导涉及 SiP integrates multiple chiplets or dice into a single package using advanced...,neutral,,,,,industry_tech_irds_packaging_tutorial_2024,IRDS 2024 Executive Packaging Tutorial Part 1,95,3D Integration—CoWoS allows for the stac,1,SiP integrates multiple chiplets or dice into a single package using advanced 3D packaging techniques.,0.78,2024,,auto,,,
claim_609fe56fc3acced2,supply_chain,AI芯片,"AI芯片 的产业传导：IRDS 2024 Executive Packaging Tutorial Part 1：icant leap in GPU design, leveraging SiP with a multi-chiplet architecture and advanced packaging technologies like Foveros and EMIB.",[],"AI芯片 的产业链传导涉及 icant leap in GPU design, leveraging SiP with a multi-chiplet architecture an...",neutral,,,,,industry_tech_irds_packaging_tutorial_2024,IRDS 2024 Executive Packaging Tutorial Part 1,100,AI,1,"icant leap in GPU design, leveraging SiP with a multi-chiplet architecture and advanced packaging technologies like Foveros and EMIB.",0.78,2024,,auto,,,
claim_b18aa8ca806560e8,supply_chain,AI芯片,"AI芯片 的产业传导：IRDS 2024 Executive Packaging Tutorial Part 1：o No Large Interposer Needed—Unlike traditional 2.5D packaging, which requires a large silicon interposer to connect chiplets, EMIB uses small, localized bridges, which simplifies the manufacturing process and reduces costs.",[],"AI芯片 的产业链传导涉及 o No Large Interposer Needed—Unlike traditional 2.5D packaging, which require...",neutral,,,,,industry_tech_irds_packaging_tutorial_2024,IRDS 2024 Executive Packaging Tutorial Part 1,101,High Bandwidth and Low Latency:,1,"o No Large Interposer Needed—Unlike traditional 2.5D packaging, which requires a large silicon interposer to connect chiplets, EMIB uses small, localized bridges, which simplifies the manufacturing process and reduces costs.",0.78,2024,,auto,,,
claim_5b552434b653902d,supply_chain,AI芯片,"AI芯片 的产业传导：UCIe 2.0 Specification Continuing Innovation to Drive an Open Chiplet Ecosystem：Debendra Das Sharma Intel Senior Fellow and co-GM Memory and I/O Technologies Chair of UCIe Consortium Universal Chiplet Interconnect ExpressTM (UCIeTM) is an open industry standard interconnect offering high-bandwidth, low-latency, power-efficient, and cost-effective on-package connectivity between chiplets.",[],AI芯片 的产业链传导涉及 Debendra Das Sharma Intel Senior Fellow and co-GM Memory and I/O Technologies...,neutral,,,,,industry_tech_ucie_2_whitepaper_2024,UCIe 2.0 Specification Continuing Innovation to Drive an Open Chiplet Ecosystem,1,,1,"Debendra Das Sharma Intel Senior Fellow and co-GM Memory and I/O Technologies Chair of UCIe Consortium Universal Chiplet Interconnect ExpressTM (UCIeTM) is an open industry standard interconnect offering high-bandwidth, low-latency, power-efficient, and cost-effective on-package connectivity between chiplets.",0.78,2024,,auto,,,
claim_af1841f8ba1eba3c,supply_chain,AI芯片,"AI芯片 的产业传导：UCIe 2.0 Specification Continuing Innovation to Drive an Open Chiplet Ecosystem：Figure 2: UCIe Management fabric across chiplets, encompassing multiple usage models The UCIe DFx architecture (UDA) comprehends test, telemetry, and debug and is covered through the management fabric.",[],"AI芯片 的产业链传导涉及 Figure 2: UCIe Management fabric across chiplets, encompassing multiple usage...",neutral,,,,,industry_tech_ucie_2_whitepaper_2024,UCIe 2.0 Specification Continuing Innovation to Drive an Open Chiplet Ecosystem,3,,1,"Figure 2: UCIe Management fabric across chiplets, encompassing multiple usage models The UCIe DFx architecture (UDA) comprehends test, telemetry, and debug and is covered through the management fabric.",0.78,2024,,auto,,,
claim_0d6644e458818c82,supply_chain,AI芯片,"AI芯片 的产业传导：UCIe 2.0 Specification Continuing Innovation to Drive an Open Chiplet Ecosystem：| | --- | | To conclude, I would like to paint a vision of system-in-a-package with several UCIe-3D chiplet | | stacks connected using existing UCIe-2.5D and UCIe-2D planar interconnects and all the | | enhancements to come.",[],"AI芯片 的产业链传导涉及 | | --- | | To conclude, I would like to paint a vision of system-in-a-packag...",neutral,,,,,industry_tech_ucie_2_whitepaper_2024,UCIe 2.0 Specification Continuing Innovation to Drive an Open Chiplet Ecosystem,6,,1,"| | --- | | To conclude, I would like to paint a vision of system-in-a-package with several UCIe-3D chiplet | | stacks connected using existing UCIe-2.5D and UCIe-2D planar interconnects and all the | | enhancements to come.",0.78,2024,,auto,,,
claim_e1734de8359e60fd,supply_chain,AI芯片,"AI芯片 的产业传导：DeepSeek-V3 Technical Report：Subsequently, we introduce our infrastructures, encompassing our compute clusters, the training framework, the support for FP8 training, the inference deployment strategy, and our suggestions on future hardware design.",[],"AI芯片 的产业链传导涉及 Subsequently, we introduce our infrastructures, encompassing our compute clus...",neutral,,,,,industry_tech_deepseek_v3_2025,DeepSeek-V3 Technical Report,6,Architecture,2,"Subsequently, we introduce our infrastructures, encompassing our compute clusters, the training framework, the support for FP8 training, the inference deployment strategy, and our suggestions on future hardware design.",0.70,2025,,auto,,,
claim_1b9cf3f26569dea5,supply_chain,AI芯片,AI芯片 的产业传导：Fire-Flyer AI-HPC Cost-Effective Software-Hardware Co-Design for Deep Learning：### Table I: Our Arch and DGX-A100 Server Hardware Details | | Our PCIe Arch | DGX-A100 | | --- | --- | --- | | CPU | 2 * AMD 32 Cores EPYC Rome/Milan CPU | 2 * AMD 64 Cores EPYC 7742 CPU | | Memory | 512GB 16-Channels DDR4-3200Mhz | 2048GB 16-Channels DDR4-3200Mhz | | GPU | 8 * PCIe-A100-40GB | 8 * SXM-A100-40GB | | NICs | 1 * Mellanox InfiniBand cx6 200Gbps NIC | 9 * Mellanox InfiniBand cx6 200Gbps NIC | | NVLINK | 600 GB/s between each pair of GPUs | 600 GB/s interconnect among all 8 GPUs |,[],AI芯片 的产业链传导涉及 ### Table I: Our Arch and DGX-A100 Server Hardware Details | | Our PCIe Arch ...,neutral,,,,,industry_tech_fire_flyer_ai_hpc_2024,Fire-Flyer AI-HPC Cost-Effective Software-Hardware Co-Design for Deep Learning,4,AI,2,### Table I: Our Arch and DGX-A100 Server Hardware Details | | Our PCIe Arch | DGX-A100 | | --- | --- | --- | | CPU | 2 * AMD 32 Cores EPYC Rome/Milan CPU | 2 * AMD 64 Cores EPYC 7742 CPU | | Memory | 512GB 16-Channels DDR4-3200Mhz | 2048GB 16-Channels DDR4-3200Mhz | | GPU | 8 * PCIe-A100-40GB | 8 * SXM-A100-40GB | | NICs | 1 * Mellanox InfiniBand cx6 200Gbps NIC | 9 * Mellanox InfiniBand cx6 200Gbps NIC | | NVLINK | 600 GB/s between each pair of GPUs | 600 GB/s interconnect among all 8 GPUs |,0.70,2024,,auto,,,
claim_8b7b34267d3fd855,supply_chain,AI芯片,"AI芯片 的产业传导：Challenges and Opportunities to Enable Large-Scale Computing via Heterogeneous Chiplets：At present, there are many parallel interface standards, such as Advanced Interface Bus (AIB) [22], Bunch of Wires (BoW) [24], high bandwidth memory (HBM) interconnect [26], Low-voltage-In-PackageINter-CONnect (LINPINCON) [27], Universal Chiplet Interconnect Express (UCIe) [34], Advanced Cost-driven Chiplet (ACC) [30].",[],"AI芯片 的产业链传导涉及 At present, there are many parallel interface standards, such as Advanced Int...",neutral,,,,,industry_tech_heterogeneous_chiplets_ai_2024,Challenges and Opportunities to Enable Large-Scale Computing via Heterogeneous Chiplets,3,AI,2,"At present, there are many parallel interface standards, such as Advanced Interface Bus (AIB) [22], Bunch of Wires (BoW) [24], high bandwidth memory (HBM) interconnect [26], Low-voltage-In-PackageINter-CONnect (LINPINCON) [27], Universal Chiplet Interconnect Express (UCIe) [34], Advanced Cost-driven Chiplet (ACC) [30].",0.70,2024,,auto,,,
claim_9e8a2f402393c0ba,supply_chain,AI芯片,AI芯片 的产业传导：Challenges and Opportunities to Enable Large-Scale Computing via Heterogeneous Chiplets：A report shows that packaging costs can be comparable with designing a chip due to the low yield of the complex packaging processing and the bounding defects [43].,[],AI芯片 的产业链传导涉及 A report shows that packaging costs can be comparable with designing a chip d...,neutral,,,,,industry_tech_heterogeneous_chiplets_ai_2024,Challenges and Opportunities to Enable Large-Scale Computing via Heterogeneous Chiplets,3,AI,2,A report shows that packaging costs can be comparable with designing a chip due to the low yield of the complex packaging processing and the bounding defects [43].,0.70,2024,,auto,,,
claim_56155b8de6d49e29,trend,AI芯片,"AI芯片 的技术趋势：HIR 2023 Thermal：Application of heterogeneous integration to harsh environments is challenging due to the 3D top-side contour of heterogeneous packages, the dissimilar junction limits of heterogeneous components in a system, and the extreme thermomechanical challenges imposed by the extreme temperature cycles.",[],AI芯片 由 Application of heterogeneous integration to harsh environments is challenging... 驱动,neutral,,,,,industry_tech_hir_thermal_2023,HIR 2023 Thermal,9,5 Heterogeneous Integration for Harsh En,1,"Application of heterogeneous integration to harsh environments is challenging due to the 3D top-side contour of heterogeneous packages, the dissimilar junction limits of heterogeneous components in a system, and the extreme thermomechanical challenges imposed by the extreme temperature cycles.",0.78,2023,,auto,,,
claim_c949001e537a5150,trend,AI芯片,"AI芯片 的技术趋势：IRDS 2024 Outside System Connectivity：Optical I/O chiplets are being developed for integration with switches, but over time they may also be integrated on package with AI and CPU processors.",[],"AI芯片 由 Optical I/O chiplets are being developed for integration with switches, but o... 驱动",neutral,,,,,industry_tech_irds_outside_system_connectivity_2024,IRDS 2024 Outside System Connectivity,17,AI,1,"Optical I/O chiplets are being developed for integration with switches, but over time they may also be integrated on package with AI and CPU processors.",0.78,2024,,auto,,,
claim_1d524260a40f0154,company_exposure,算力网络,紫光股份 对 算力网络 的公司敞口为 core：拥有产品云与智能平台。证据：作为数字化及AI解决方案领导者，公司提供全栈智能化的信息通信（ICT）基础设施、云与智能平台，以及数字化转型及智能化升级解决方案。,"[""紫光股份""]",紫光股份 在 算力网络 的关系为拥有产品云与智能平台,neutral,,,,,annual_000938_2025,2025年年度报告,8,注册变更情况,1,作为数字化及AI解决方案领导者，公司提供全栈智能化的信息通信（ICT）基础设施、云与智能平台，以及数字化转型及智能化升级解决方案。,1.00,2025,core,auto,,,
claim_6e2edf0f600289ed,company_exposure,算力网络,紫光股份 对 算力网络 的公司敞口为 core：拥有产品数字化转型及智能化升级解决方案。证据：作为数字化及AI解决方案领导者，公司提供全栈智能化的信息通信（ICT）基础设施、云与智能平台，以及数字化转型及智能化升级解决方案。,"[""紫光股份""]",紫光股份 在 算力网络 的关系为拥有产品数字化转型及智能化升级解决方案,neutral,,,,,annual_000938_2025,2025年年度报告,8,注册变更情况,1,作为数字化及AI解决方案领导者，公司提供全栈智能化的信息通信（ICT）基础设施、云与智能平台，以及数字化转型及智能化升级解决方案。,1.00,2025,core,auto,,,
claim_78d012c7fb72b6f6,company_exposure,算力网络,紫光股份 对 算力网络 的公司敞口为 core：拥有产品全栈智能化的信息通信（ICT）基础设施。证据：作为数字化及AI解决方案领导者，公司提供全栈智能化的信息通信（ICT）基础设施、云与智能平台，以及数字化转型及智能化升级解决方案。,"[""紫光股份""]",紫光股份 在 算力网络 的关系为拥有产品全栈智能化的信息通信（ICT）基础设施,neutral,,,,,annual_000938_2025,2025年年度报告,8,注册变更情况,1,作为数字化及AI解决方案领导者，公司提供全栈智能化的信息通信（ICT）基础设施、云与智能平台，以及数字化转型及智能化升级解决方案。,1.00,2025,core,auto,,,
claim_bf755ba88fa647bc,company_exposure,算力网络,紫光股份 对 算力网络 的公司敞口为 core：具有敞口数字化及AI解决方案。证据：作为数字化及AI解决方案领导者，公司提供全栈智能化的信息通信（ICT）基础设施、云与智能平台，以及数字化转型及智能化升级解决方案。,"[""紫光股份""]",紫光股份 在 算力网络 的关系为具有敞口数字化及AI解决方案,neutral,,,,,annual_000938_2025,2025年年度报告,8,注册变更情况,1,作为数字化及AI解决方案领导者，公司提供全栈智能化的信息通信（ICT）基础设施、云与智能平台，以及数字化转型及智能化升级解决方案。,1.00,2025,core,auto,,,
claim_4175f2c0cbe35c49,company_exposure,算力网络,紫光股份 对 算力网络 的公司敞口为 core：拥有产品AI工作站。证据：主要产品及服务包括：6、智能终端：商用笔记本电脑、商用台式机、智慧云屏、AI工作站等。,"[""紫光股份""]",紫光股份 在 算力网络 的关系为拥有产品AI工作站,neutral,,,6,,annual_000938_2025,2025年年度报告,12,管理层讨论与分析,1,主要产品及服务包括：6、智能终端：商用笔记本电脑、商用台式机、智慧云屏、AI工作站等。,1.00,2025,core,auto,,,
claim_55844791b2dc1e96,company_exposure,算力网络,紫光股份 对 算力网络 的公司敞口为 core：拥有产品交换机。证据：主要产品及服务包括：1、网络设备：交换机、路由器、WLAN、SDN、PON、智能管理与运维服务等；,"[""紫光股份""]",紫光股份 在 算力网络 的关系为拥有产品交换机,neutral,,,1,,annual_000938_2025,2025年年度报告,12,管理层讨论与分析,1,主要产品及服务包括：1、网络设备：交换机、路由器、WLAN、SDN、PON、智能管理与运维服务等；,1.00,2025,core,auto,,,
claim_606a7d5a8d3ef627,company_exposure,算力网络,紫光股份 对 算力网络 的公司敞口为 core：拥有产品云操作系统。证据：主要产品及服务包括：4、云与智能：云操作系统、虚拟化平台、超融合产品、大数据平台、数据库等；,"[""紫光股份""]",紫光股份 在 算力网络 的关系为拥有产品云操作系统,neutral,,,4,,annual_000938_2025,2025年年度报告,12,管理层讨论与分析,1,主要产品及服务包括：4、云与智能：云操作系统、虚拟化平台、超融合产品、大数据平台、数据库等；,1.00,2025,core,auto,,,
claim_9e57e74d3fa5018d,company_exposure,算力网络,紫光股份 对 算力网络 的公司敞口为 core：拥有产品人工智能计算服务器。证据：主要产品及服务包括：2、服务器：通用计算服务器、人工智能计算服务器、关键业务计算服务器、边缘计算服务器等；,"[""紫光股份""]",紫光股份 在 算力网络 的关系为拥有产品人工智能计算服务器,neutral,,,2,,annual_000938_2025,2025年年度报告,12,管理层讨论与分析,1,主要产品及服务包括：2、服务器：通用计算服务器、人工智能计算服务器、关键业务计算服务器、边缘计算服务器等；,1.00,2025,core,auto,,,
claim_83d5ef52c432f265,company_exposure,算力网络,紫光股份 对 算力网络 的公司敞口为 core：拥有产品ICT基础设施与服务。证据：分产品：ICT 基础设施与服务,"[""紫光股份""]",紫光股份 在 算力网络 的关系为拥有产品ICT基础设施与服务,neutral,,,,,annual_000938_2025,2025年年度报告,20,单位：元,1,分产品：ICT 基础设施与服务,1.00,2025,core,auto,,,
claim_ce83012a40753e17,company_exposure,算力网络,紫光股份 对 算力网络 的公司敞口为 core：拥有产品IT产品分销与供应链服务。证据：分产品：IT 产品分销与供应链服务,"[""紫光股份""]",紫光股份 在 算力网络 的关系为拥有产品IT产品分销与供应链服务,neutral,,,,,annual_000938_2025,2025年年度报告,20,单位：元,1,分产品：IT 产品分销与供应链服务,1.00,2025,core,auto,,,
claim_841e7a088b3d87d5,company_exposure,算力网络,紫光股份 对 算力网络 的公司敞口为 core：拥有产品ICT基础设施与服务。证据：产品分类：ICT基础设施与服务,"[""紫光股份""]",紫光股份 在 算力网络 的关系为拥有产品ICT基础设施与服务,neutral,,,,,annual_000938_2025,2025年年度报告,21,单位：元,1,产品分类：ICT基础设施与服务,1.00,2025,core,auto,,,
claim_d65245018bf79cbc,company_exposure,算力网络,紫光股份 对 算力网络 的公司敞口为 core：拥有产品IT产品分销与供应链服务。证据：产品分类：IT产品分销与供应链服务,"[""紫光股份""]",紫光股份 在 算力网络 的关系为拥有产品IT产品分销与供应链服务,neutral,,,,,annual_000938_2025,2025年年度报告,21,单位：元,1,产品分类：IT产品分销与供应链服务,1.00,2025,core,auto,,,
claim_0b67c497c44cce1b,company_exposure,算力网络,紫光股份 对 算力网络 的公司敞口为 core：拥有产品新一代旗舰级AI服务器。证据：完成新一代R5500系列服务器发布,"[""紫光股份""]",紫光股份 在 算力网络 的关系为拥有产品新一代旗舰级AI服务器,neutral,,,5500,,annual_000938_2025,2025年年度报告,25,费用,1,完成新一代R5500系列服务器发布,1.00,2025,core,auto,,,
claim_2a6ef71eb305a6b3,company_exposure,算力网络,紫光股份 对 算力网络 的公司敞口为 core：拥有产品云集群智算数据中心交换机增强项目。证据：推出新一代DDC2产品,"[""紫光股份""]",紫光股份 在 算力网络 的关系为拥有产品云集群智算数据中心交换机增强项目,neutral,,,2,,annual_000938_2025,2025年年度报告,25,费用,1,推出新一代DDC2产品,1.00,2025,core,auto,,,
claim_9c3676fc870c4367,company_exposure,算力网络,紫光股份 对 算力网络 的公司敞口为 core：拥有产品全光以太网5.0方案。证据：完成多通道汇聚主机和系列全光入室影终端产品发布,"[""紫光股份""]",紫光股份 在 算力网络 的关系为拥有产品全光以太网5.0方案,neutral,,,5.0,,annual_000938_2025,2025年年度报告,25,费用,1,完成多通道汇聚主机和系列全光入室影终端产品发布,1.00,2025,core,auto,,,
claim_a00c1f5652607493,company_exposure,算力网络,紫光股份 对 算力网络 的公司敞口为 core：拥有产品大模型一体机产品。证据：发布基于DeepSeek大模型一体机全系列产品,"[""紫光股份""]",紫光股份 在 算力网络 的关系为拥有产品大模型一体机产品,neutral,,,,,annual_000938_2025,2025年年度报告,25,费用,1,发布基于DeepSeek大模型一体机全系列产品,1.00,2025,core,auto,,,
claim_ac3449b0e73c0d6f,company_exposure,算力网络,紫光股份 对 算力网络 的公司敞口为 core：拥有产品新一代通算服务器。证据：完成新一代R4700和4900系列服务器发布,"[""紫光股份""]",紫光股份 在 算力网络 的关系为拥有产品新一代通算服务器,neutral,,,4700,,annual_000938_2025,2025年年度报告,25,费用,1,完成新一代R4700和4900系列服务器发布,1.00,2025,core,auto,,,
claim_bd67046e2847e3d7,company_exposure,算力网络,紫光股份 对 算力网络 的公司敞口为 core：拥有产品下一代存储升级开发项目。证据：完成下一代分布式存储X20000升级版本发布,"[""紫光股份""]",紫光股份 在 算力网络 的关系为拥有产品下一代存储升级开发项目,neutral,,,20000,,annual_000938_2025,2025年年度报告,25,费用,1,完成下一代分布式存储X20000升级版本发布,1.00,2025,core,auto,,,
claim_e8937b19e5626ff8,company_exposure,算力网络,紫光股份 对 算力网络 的公司敞口为 core：拥有产品新一代高密汇聚路由器开发项目。证据：完成新一代SR6616路由器架构升级产品发布,"[""紫光股份""]",紫光股份 在 算力网络 的关系为拥有产品新一代高密汇聚路由器开发项目,neutral,,,6616,,annual_000938_2025,2025年年度报告,25,费用,1,完成新一代SR6616路由器架构升级产品发布,1.00,2025,core,auto,,,
claim_ef10e0987f9a926e,company_exposure,算力网络,紫光股份 对 算力网络 的公司敞口为 core：拥有产品自主可控大容量交换机项目。证据：完成高密400GE框式和盒式交换机发布,"[""紫光股份""]",紫光股份 在 算力网络 的关系为拥有产品自主可控大容量交换机项目,neutral,,,400,,annual_000938_2025,2025年年度报告,25,费用,1,完成高密400GE框式和盒式交换机发布,1.00,2025,core,auto,,,
claim_01629214b9a108bc,company_exposure,算力网络,紫光股份 对 算力网络 的公司敞口为 core：拥有产品数据中心控制器7.4版本。证据：完成数据中心控制器 7.4 版本发布,"[""紫光股份""]",紫光股份 在 算力网络 的关系为拥有产品数据中心控制器7.4版本,neutral,,,7.4,,annual_000938_2025,2025年年度报告,26,费用,1,完成数据中心控制器 7.4 版本发布,1.00,2025,core,auto,,,
claim_04acf9e6bb4c6970,company_exposure,算力网络,紫光股份 对 算力网络 的公司敞口为 core：涉及技术Wi-Fi 7。证据：全场景Wi-Fi 7组网方案增强,"[""紫光股份""]",紫光股份 在 算力网络 的关系为涉及技术Wi-Fi 7,neutral,,,7,,annual_000938_2025,2025年年度报告,26,费用,1,全场景Wi-Fi 7组网方案增强,1.00,2025,core,auto,,,
claim_0de4e7164a09e41a,company_exposure,算力网络,紫光股份 对 算力网络 的公司敞口为 core：拥有产品园区网控制器7.3版本。证据：完成园区网控制器 7.3 版本发布,"[""紫光股份""]",紫光股份 在 算力网络 的关系为拥有产品园区网控制器7.3版本,neutral,,,7.3,,annual_000938_2025,2025年年度报告,26,费用,1,完成园区网控制器 7.3 版本发布,1.00,2025,core,auto,,,
claim_0ea49ca0075e27c8,company_exposure,算力网络,紫光股份 对 算力网络 的公司敞口为 core：拥有产品广域网控制器7.4版本。证据：完成广域网控制器 7.4 版本发布,"[""紫光股份""]",紫光股份 在 算力网络 的关系为拥有产品广域网控制器7.4版本,neutral,,,7.4,,annual_000938_2025,2025年年度报告,26,费用,1,完成广域网控制器 7.4 版本发布,1.00,2025,core,auto,,,
claim_19f4ab4f459308dd,company_exposure,算力网络,紫光股份 对 算力网络 的公司敞口为 core：拥有产品超融合虚拟化融合版本。证据：完成新一代超融合版本发布,"[""紫光股份""]",紫光股份 在 算力网络 的关系为拥有产品超融合虚拟化融合版本,neutral,,,,,annual_000938_2025,2025年年度报告,26,费用,1,完成新一代超融合版本发布,1.00,2025,core,auto,,,
claim_55a16668112e4ed0,company_exposure,算力网络,紫光股份 对 算力网络 的公司敞口为 core：拥有产品CloudOS 7.0。证据：完成 CloudOS 7.0 软件特性增强版本发布,"[""紫光股份""]",紫光股份 在 算力网络 的关系为拥有产品CloudOS 7.0,neutral,,,7.0,,annual_000938_2025,2025年年度报告,26,费用,1,完成 CloudOS 7.0 软件特性增强版本发布,1.00,2025,core,auto,,,
claim_59881ca5d4c8eb3b,company_exposure,算力网络,紫光股份 对 算力网络 的公司敞口为 core：拥有产品安全大数据中台产品。证据：完成安全大模型和安全智能体产品发布,"[""紫光股份""]",紫光股份 在 算力网络 的关系为拥有产品安全大数据中台产品,neutral,,,,,annual_000938_2025,2025年年度报告,26,费用,1,完成安全大模型和安全智能体产品发布,1.00,2025,core,auto,,,
claim_9f1022263721f489,company_exposure,算力网络,紫光股份 对 算力网络 的公司敞口为 core：拥有产品全场景Wi-Fi 7组网方案。证据：完成全场景丰富Wi-Fi 7 AP 款型及管理平台增强项目发布,"[""紫光股份""]",紫光股份 在 算力网络 的关系为拥有产品全场景Wi-Fi 7组网方案,neutral,,,7,,annual_000938_2025,2025年年度报告,26,费用,1,完成全场景丰富Wi-Fi 7 AP 款型及管理平台增强项目发布,1.00,2025,core,auto,,,
claim_ab7fda3215380193,company_exposure,算力网络,紫光股份 对 算力网络 的公司敞口为 core：涉及技术FPGA加速。证据：通过新一代处理器及FPGA 加速卡升级，新建连接性能同比提升 160%,"[""紫光股份""]",紫光股份 在 算力网络 的关系为涉及技术FPGA加速,neutral,,,160,%,annual_000938_2025,2025年年度报告,26,费用,1,通过新一代处理器及FPGA 加速卡升级，新建连接性能同比提升 160%,1.00,2025,core,auto,,,
claim_b76ac700cace816f,company_exposure,算力网络,紫光股份 对 算力网络 的公司敞口为 core：拥有产品CAS虚拟化产品。证据：完成 CAS 虚拟化产品升级版本发布,"[""紫光股份""]",紫光股份 在 算力网络 的关系为拥有产品CAS虚拟化产品,neutral,,,,,annual_000938_2025,2025年年度报告,26,费用,1,完成 CAS 虚拟化产品升级版本发布,1.00,2025,core,auto,,,
claim_c1591980019a323f,company_exposure,算力网络,紫光股份 对 算力网络 的公司敞口为 core：拥有产品高端防火墙SecPath M9000。证据：完成SecPath M9000 防火墙硬件架构升级产品发布,"[""紫光股份""]",紫光股份 在 算力网络 的关系为拥有产品高端防火墙SecPath M9000,neutral,,,9000,,annual_000938_2025,2025年年度报告,26,费用,1,完成SecPath M9000 防火墙硬件架构升级产品发布,1.00,2025,core,auto,,,
claim_d68cafdacaeb7266,company_exposure,算力网络,紫光股份 对 算力网络 的公司敞口为 core：涉及技术AI安全大模型。证据：发布 AI 安全系列智能体,"[""紫光股份""]",紫光股份 在 算力网络 的关系为涉及技术AI安全大模型,neutral,,,,,annual_000938_2025,2025年年度报告,26,费用,1,发布 AI 安全系列智能体,1.00,2025,core,auto,,,
claim_6ea6c4b4d83035ed,company_exposure,光模块,紫光股份 对 光模块 的公司敞口为 direct：拥有产品51.2T CPO硅光数据中心交换机。证据：51.2T CPO 硅光数据中心交换机产品融合核心技术优势,"[""紫光股份""]",紫光股份 在 光模块 的关系为拥有产品51.2T CPO硅光数据中心交换机,neutral,,,51.2,,annual_000938_2025,2025年年度报告,17,力利用率，关键部件实现液冷散热，为万亿参数模型训练提供强大支持，兼具高效与绿色特性。,1,51.2T CPO 硅光数据中心交换机产品融合核心技术优势,0.90,2025,direct,auto,,,
claim_7f468d86f99ff665,company_exposure,光模块,紫光股份 对 光模块 的公司敞口为 mentioned：拥有产品800G国芯智算交换机。证据：发布基于国产关键芯片与核心元器件的800G 国芯智算交换机,"[""紫光股份""]",紫光股份 在 光模块 的关系为拥有产品800G国芯智算交换机,neutral,,,800,,annual_000938_2025,2025年年度报告,17,力利用率，关键部件实现液冷散热，为万亿参数模型训练提供强大支持，兼具高效与绿色特性。,1,发布基于国产关键芯片与核心元器件的800G 国芯智算交换机,0.90,2025,mentioned,auto,,,
claim_984fcfa5df35f10d,company_exposure,光模块,紫光股份 对 光模块 的公司敞口为 indirect：涉及技术Scale-up整机柜技术。证据：公司重点推进CPO 技术与Scale-up 整机柜两大前沿技术方向研究,"[""紫光股份""]",紫光股份 在 光模块 的关系为涉及技术Scale-up整机柜技术,neutral,,,,,annual_000938_2025,2025年年度报告,17,力利用率，关键部件实现液冷散热，为万亿参数模型训练提供强大支持，兼具高效与绿色特性。,1,公司重点推进CPO 技术与Scale-up 整机柜两大前沿技术方向研究,0.90,2025,indirect,auto,,,
claim_fe7ad29824fc4bfb,company_exposure,光模块,紫光股份 对 光模块 的公司敞口为 direct：涉及技术CPO技术。证据：公司重点推进CPO 技术与Scale-up 整机柜两大前沿技术方向研究,"[""紫光股份""]",紫光股份 在 光模块 的关系为涉及技术CPO技术,neutral,,,,,annual_000938_2025,2025年年度报告,17,力利用率，关键部件实现液冷散热，为万亿参数模型训练提供强大支持，兼具高效与绿色特性。,1,公司重点推进CPO 技术与Scale-up 整机柜两大前沿技术方向研究,0.90,2025,direct,auto,,,
claim_039b4e73155c6e71,company_exposure,光模块,紫光股份 对 光模块 的公司敞口为 mentioned：涉及技术800G以太网。证据：与中国移动积极推动算力网络发展，共同完成业界首次800G以太网智算协同训练的现网技术试验。,"[""紫光股份""]",紫光股份 在 光模块 的关系为涉及技术800G以太网,neutral,,,800,,annual_000938_2025,2025年年度报告,19,抢抓产业机遇，助力国内行业客户增强数智化水平,1,与中国移动积极推动算力网络发展，共同完成业界首次800G以太网智算协同训练的现网技术试验。,0.90,2025,mentioned,auto,,,
claim_a70649f26b6349a7,mechanism,光模块,光模块 的技术机理：HIR 2023 Integrated Photonics：Today it is experiencing a flurry of interest due to the expectation that it will be one of the key sensors to enable autonomous driving.,[],光模块 由 Today it is experiencing a flurry of interest due to the expectation that it ... 驱动,positive,,,,,industry_tech_hir_photonics_2023,HIR 2023 Integrated Photonics,25,AI,1,Today it is experiencing a flurry of interest due to the expectation that it will be one of the key sensors to enable autonomous driving.,0.78,2023,,auto,,,
claim_49b8ca51db5fac94,trend,光模块,光模块 的技术趋势：HIR 2023 Integrated Photonics：Design tools for silicon photonics are available today and expanding rapidly AIM Photonics announced a Process Design Kit and multi-project wafer available in October of 2018.,[],光模块 由 Design tools for silicon photonics are available today and expanding rapidly ... 驱动,neutral,,,,,industry_tech_hir_photonics_2023,HIR 2023 Integrated Photonics,17,AI,1,Design tools for silicon photonics are available today and expanding rapidly AIM Photonics announced a Process Design Kit and multi-project wafer available in October of 2018.,0.78,2023,,auto,,,
claim_17a82cae48cd84f0,company_exposure,数据中心,紫光股份 对 数据中心 的公司敞口为 direct：拥有产品云集群智算数据中心交换机增强项目。证据：推出新一代DDC2产品,"[""紫光股份""]",紫光股份 在 数据中心 的关系为拥有产品云集群智算数据中心交换机增强项目,neutral,,,2,,annual_000938_2025,2025年年度报告,25,费用,1,推出新一代DDC2产品,1.00,2025,direct,auto,,,
claim_910bc7e4f9d2267f,company_exposure,数据中心,紫光股份 对 数据中心 的公司敞口为 direct：拥有产品数据中心控制器7.4版本。证据：完成数据中心控制器 7.4 版本发布,"[""紫光股份""]",紫光股份 在 数据中心 的关系为拥有产品数据中心控制器7.4版本,neutral,,,7.4,,annual_000938_2025,2025年年度报告,26,费用,1,完成数据中心控制器 7.4 版本发布,1.00,2025,direct,auto,,,
claim_85f1707c36e3e49e,company_exposure,数据中心,紫光股份 对 数据中心 的公司敞口为 indirect：拥有产品灵犀智算方案V5.0。证据：公司灵犀智算方案迭代至V5.0 版本，全面支持私域训推、大规模训练、垂直行业类AI 应用开发三类智算中心的建设需求,"[""紫光股份""]",紫光股份 在 数据中心 的关系为拥有产品灵犀智算方案V5.0,neutral,,,5.0,,annual_000938_2025,2025年年度报告,17,力利用率，关键部件实现液冷散热，为万亿参数模型训练提供强大支持，兼具高效与绿色特性。,1,公司灵犀智算方案迭代至V5.0 版本，全面支持私域训推、大规模训练、垂直行业类AI 应用开发三类智算中心的建设需求,0.90,2025,indirect,auto,,,
claim_02affb443dcf6eb5,company_exposure,数据中心,紫光股份 对 数据中心 的公司敞口为 direct：拥有产品数据中心交换机。证据：公司数据中心交换机和高端路由器成功通过欧洲高级网络测试中心（EANTC）2025 互通性测试,"[""紫光股份""]",紫光股份 在 数据中心 的关系为拥有产品数据中心交换机,neutral,near_term,,2025,,annual_000938_2025,2025年年度报告,18,核心竞争力,1,公司数据中心交换机和高端路由器成功通过欧洲高级网络测试中心（EANTC）2025 互通性测试,0.90,2025,direct,auto,,,
claim_11388c2637d11026,company_exposure,数据中心,紫光股份 对 数据中心 的公司敞口为 indirect：拥有产品高端路由器。证据：公司数据中心交换机和高端路由器成功通过欧洲高级网络测试中心（EANTC）2025 互通性测试,"[""紫光股份""]",紫光股份 在 数据中心 的关系为拥有产品高端路由器,neutral,near_term,,2025,,annual_000938_2025,2025年年度报告,18,核心竞争力,1,公司数据中心交换机和高端路由器成功通过欧洲高级网络测试中心（EANTC）2025 互通性测试,0.90,2025,indirect,auto,,,
claim_4d47149dadd09dd1,company_exposure,数据中心,紫光股份 对 数据中心 的公司敞口为 indirect：具有敞口智算市场。证据：深挖智算市场商机；持续落地大中型智算中心建设项目，巩固智算市场优势地位。,"[""紫光股份""]",紫光股份 在 数据中心 的关系为具有敞口智算市场,neutral,,,,,annual_000938_2025,2025年年度报告,19,抢抓产业机遇，助力国内行业客户增强数智化水平,1,深挖智算市场商机；持续落地大中型智算中心建设项目，巩固智算市场优势地位。,0.90,2025,indirect,auto,,,
claim_ce5212963ef3bf1e,company_exposure,数据中心,紫光股份 对 数据中心 的公司敞口为 indirect：属于环节AI算力产业链。证据：公司深度参与多地智算中心、政务云、政务网项目建设；与多家头部互联网客户持续推进大规模算力集群与超节点系统建设；持续落地大中型智算中心建设项目。,"[""紫光股份""]",紫光股份 在 数据中心 的关系为属于环节AI算力产业链,neutral,,,,,annual_000938_2025,2025年年度报告,19,抢抓产业机遇，助力国内行业客户增强数智化水平,1,公司深度参与多地智算中心、政务云、政务网项目建设；与多家头部互联网客户持续推进大规模算力集群与超节点系统建设；持续落地大中型智算中心建设项目。,0.90,2025,indirect,auto,,,
claim_04bcbea111032a1c,company_exposure,数据中心,紫光股份 对 数据中心 的公司敞口为 direct：拥有产品智算中心。证据：联合运营商累计建设48个中大型智算中心,"[""紫光股份""]",紫光股份 在 数据中心 的关系为拥有产品智算中心,neutral,,,48,个,annual_000938_2025,2025年年度报告,14,优质的客户资源和丰富的数字化转型实践经验,1,联合运营商累计建设48个中大型智算中心,0.80,2025,direct,auto,,,
claim_996a0d9343adf185,mechanism,数据中心,数据中心 机理/传导：国务院《关于深入实施“人工智能+”行动的意见》驱动智算中心。证据：国务院《关于深入实施“人工智能+”行动的意见》...明确算力基础设施建设、行业深度融合等发展方向,[],国务院《关于深入实施“人工智能+”行动的意见》 驱动 智算中心,positive,,,,,annual_000938_2025,2025年年度报告,12,管理层讨论与分析,1,国务院《关于深入实施“人工智能+”行动的意见》...明确算力基础设施建设、行业深度融合等发展方向,0.90,2025,,auto,,,
claim_09a4fb3f8619eea4,mechanism,数据中心,"数据中心 的技术机理：Ultra Ethernet Specification v1.0.2：3 UE Transport Layer The Ultra Ethernet Transport (UET) layer is designed to handle the most challenging application scale, deliver packets reliably and securely, manage and avoid congestion within the network, and react to contention at the endpoints.",[],数据中心 由 3 UE Transport Layer The Ultra Ethernet Transport (UET) layer is designed to ... 驱动,positive,,,,,industry_tech_ultra_ethernet_1_0_2_2026,Ultra Ethernet Specification v1.0.2,122,"1 UET Scope, Scale, and Reach This secti",1,"3 UE Transport Layer The Ultra Ethernet Transport (UET) layer is designed to handle the most challenging application scale, deliver packets reliably and securely, manage and avoid congestion within the network, and react to contention at the endpoints.",0.78,2026,,auto,,,
claim_67098d22c142c855,mechanism,数据中心,数据中心 机理/传导：紫光股份受益于智算中心。证据：基础层聚焦智算中心等核心算力设施,"[""紫光股份""]",紫光股份 在 数据中心 的关系为受益于智算中心,positive,,,,,annual_000938_2025,2025年年度报告,12,管理层讨论与分析,1,基础层聚焦智算中心等核心算力设施,0.70,2025,indirect,auto,,,
claim_40e7dd0c666b1dda,bottleneck,数据中心,"数据中心 的约束或瓶颈：Ultra Ethernet Specification v1.0.2：3 UE Transport Layer The Ultra Ethernet Transport (UET) layer is designed to handle the most challenging application scale, deliver packets reliably and securely, manage and avoid congestion within the network, and react to contention at the endpoints.",[],数据中心 受 3 UE Transport Layer The Ultra Ethernet Transport (UET) layer is designed to ... 约束,negative,,,,,industry_tech_ultra_ethernet_1_0_2_2026,Ultra Ethernet Specification v1.0.2,122,"1 UET Scope, Scale, and Reach This secti",1,"3 UE Transport Layer The Ultra Ethernet Transport (UET) layer is designed to handle the most challenging application scale, deliver packets reliably and securely, manage and avoid congestion within the network, and react to contention at the endpoints.",0.78,2026,,auto,,,
claim_f44beeb8f081cfa9,indicator,数据中心,数据中心 的可跟踪指标：紫光股份拥有产品数据中心交换机。证据：中国数据中心交换机市场份额33.1%，排名第二,"[""紫光股份""]",紫光股份 在 数据中心 的关系为拥有产品数据中心交换机,neutral,,,33.1,%,annual_000938_2025,2025年年度报告,14,优质的客户资源和丰富的数字化转型实践经验,1,中国数据中心交换机市场份额33.1%，排名第二,0.90,2025,direct,auto,,,
claim_425075d72afcfd73,supply_chain,数据中心,数据中心 机理/传导：智算中心上游人工智能。证据：基础层聚焦智算中心等核心算力设施,[],智算中心 上游 人工智能,neutral,,,,,annual_000938_2025,2025年年度报告,12,管理层讨论与分析,1,基础层聚焦智算中心等核心算力设施,0.80,2025,,auto,,,
claim_f4b91fb8b8c459f4,supply_chain,数据中心,数据中心 机理/传导：数据中心建造服务上游数据中心建造。证据：数据中心建造服务是数据中心建造环节的具体服务形式,[],数据中心建造服务 上游 数据中心建造,neutral,,,,,annual_000938_2025,2025年年度报告,136,重要会计政策及会计估计（续）,1,数据中心建造服务是数据中心建造环节的具体服务形式,0.80,2025,,auto,,,
