relation_id,head_type,head_name,relation,tail_type,tail_name,evidence,source_report_id,source_title,page,section,source_tier,confidence,review_status
relation_03b42a2d8c9a0b11,Company,紫光股份,HAS_METRIC,Metric,扣非归母净利润同比增长率,实现归属于上市公司股东的扣除非经常性损益的净利润16.35亿元，同比增长12.26%,annual_000938_2025,2025年年度报告,39,市值管理制度和估值提升计划的制定落实情况,1,1.00,auto
relation_049f50ceb5733c38,Company,紫光股份,BELONGS_TO_CHAIN,IndustryChain,AI算力产业链,公司深化推进“算力×联接”战略，聚焦智算和国产化领域,annual_000938_2025,2025年年度报告,16,主营业务分析,1,0.80,auto
relation_04f1b6f9d31fc612,Company,紫光股份,HAS_PRODUCT,Product,H3C UniStor Polaris X20000 系列,公司发布H3C UniStor Polaris X20000 系列多个新款型,annual_000938_2025,2025年年度报告,18,核心竞争力,1,0.90,auto
relation_052ec4ec67ec5e48,Company,紫光股份,HAS_PRODUCT,Product,X86服务器,中国X86服务器市场份额12.5%，位列第三,annual_000938_2025,2025年年度报告,14,优质的客户资源和丰富的数字化转型实践经验,1,0.90,auto
relation_059e9873bb549c69,Company,紫光股份,HAS_METRIC,Metric,研发费用_2024,"表格：2024年研发费用5,101,818,089.81元",annual_000938_2025,2025年年度报告,24,单位：元,1,1.00,auto
relation_06993201b6c1f4d9,Company,紫光股份,HAS_PRODUCT,Product,800G国芯智算交换机,发布基于国产关键芯片与核心元器件的800G 国芯智算交换机,annual_000938_2025,2025年年度报告,17,力利用率，关键部件实现液冷散热，为万亿参数模型训练提供强大支持，兼具高效与绿色特性。,1,0.90,auto
relation_06a5a9cfd54187bd,Company,紫光股份,DISCLOSES_RISK,Risk,法律风险,4、法律风险：因相关法律法规发生变化或交易对手违反相关法律法规，可能造成合约无法正常执行而给公司带来损失。,annual_000938_2025,2025年年度报告,32,√适用 □不适用,1,1.00,auto
relation_0724424e25df030d,Company,紫光股份,USES_TECHNOLOGY,Technology,CloudOS,同上,annual_000938_2025,2025年年度报告,15,覆盖全球的销售网络,1,0.90,auto
relation_074f19cb71e3f793,Company,紫光股份,USES_TECHNOLOGY,Technology,AI in ALL,致力于成为以“AI in ALL”为核心的全球化云网边端解决方案服务商,annual_000938_2025,2025年年度报告,36,资金需求及使用计划,1,0.90,auto
relation_07bab5a24e1ff789,Company,紫光股份,HAS_EXPOSURE,IndustryConcept,数字化及AI解决方案,作为数字化及AI解决方案领导者，公司提供全栈智能化的信息通信（ICT）基础设施、云与智能平台，以及数字化转型及智能化升级解决方案。,annual_000938_2025,2025年年度报告,8,注册变更情况,1,1.00,auto
relation_082f01dea651dc5a,Company,紫光股份,HAS_METRIC,Metric,归属于上市公司股东的净利润,公司实现归属于上市公司股东的净利润16.86亿元,annual_000938_2025,2025年年度报告,16,主营业务分析,1,1.00,auto
relation_08f0fdcb87530f47,Company,紫光股份,USES_TECHNOLOGY,Technology,智算技术,公司将持续深化智算技术创新，进行产品迭代升级,annual_000938_2025,2025年年度报告,35,公司未来发展的展望,1,0.80,auto
relation_0af8f2b57ed44d2c,Company,紫光股份,HAS_PRODUCT,Product,数据中心控制器7.4版本,完成数据中心控制器 7.4 版本发布,annual_000938_2025,2025年年度报告,26,费用,1,1.00,auto
relation_0b572b0b40bc9456,Company,紫光股份,HAS_EXPOSURE,IndustryConcept,AI,作为数字化及AI解决方案提供者,annual_000938_2025,2025年年度报告,113,基本情况,1,1.00,auto
relation_0c3281adac13b892,Company,紫光股份,HAS_PRODUCT,Product,自主可控大容量交换机项目,完成高密400GE框式和盒式交换机发布,annual_000938_2025,2025年年度报告,25,费用,1,1.00,auto
relation_0de9fb1c43712564,Company,紫光股份,HAS_METRIC,Metric,营业收入,"合计65,889,803,802.79 23,721,239,458.45 87,985,663.22 (7,067,182,306.07) 82,631,846,618.39",annual_000938_2025,2025年年度报告,189,合并财务报表主要项目注释（续）,1,1.00,auto
relation_0e6531165b83c569,Company,紫光股份,HAS_PRODUCT,Product,Wi-Fi 7 新产品,公司发布多款全场景Wi-Fi 7 新产品,annual_000938_2025,2025年年度报告,18,核心竞争力,1,0.90,auto
relation_0f899b240faabd14,Company,紫光股份,DISCLOSES_RISK,Risk,经营成本上升风险,随着公司经营规模的不断扩大，人员成本、房租、物流等各项经营成本及费用可能随之上涨，进而压缩公司的利润空间，对公司整体利润的提升产生不利影响。,annual_000938_2025,2025年年度报告,37,报告期内接待调研、沟通、采访等活动,1,0.90,auto
relation_0fa34691428af60c,Company,紫光股份,HAS_METRIC,Metric,研发费用_2024,"研发费用53 5,101,818,089.81",annual_000938_2025,2025年年度报告,100,营业收入,1,1.00,auto
relation_0fa5f595902e5b8d,Company,紫光股份,HAS_PRODUCT,Product,矿用本安Wi-Fi 7 产品,率先发布第一款矿用本安Wi-Fi 7 产品,annual_000938_2025,2025年年度报告,15,覆盖全球的销售网络,1,0.90,auto
relation_11ec193d8545a709,Company,紫光股份,HAS_METRIC,Metric,经营活动产生的现金流量净额,"2025年经营活动产生的现金流量净额3,486,751,492.84元",annual_000938_2025,2025年年度报告,199,合并财务报表主要项目注释（续）,1,1.00,auto
relation_1214939d3c672a3b,Company,紫光股份,HAS_PRODUCT,Product,H3C UniPoD S80000超节点,H3C UniPoD S80000 超节点产品，大幅提升通信效率和模型算力利用率，关键部件实现液冷散热，为万亿参数模型训练提供强大支持,annual_000938_2025,2025年年度报告,17,力利用率，关键部件实现液冷散热，为万亿参数模型训练提供强大支持，兼具高效与绿色特性。,1,0.90,auto
relation_1437ecc86ae23790,Company,紫光股份,USES_TECHNOLOGY,Technology,液冷散热,关键部件实现液冷散热,annual_000938_2025,2025年年度报告,17,力利用率，关键部件实现液冷散热，为万亿参数模型训练提供强大支持，兼具高效与绿色特性。,1,0.90,auto
relation_149956f12dcf909b,Company,紫光股份,HAS_METRIC,Metric,营业收入,"营业收入（元）2025年96,748,339,344.03",annual_000938_2025,2025年年度报告,9,□是 √否,1,1.00,auto
relation_154ca23f7ee7f7cd,Company,紫光股份,HAS_METRIC,Metric,净利润_2024,"净利润 1,982,277,033.02",annual_000938_2025,2025年年度报告,100,营业收入,1,1.00,auto
relation_1596e8971d2c23ad,Company,紫光股份,HAS_PRODUCT,Product,CAS虚拟化产品,完成 CAS 虚拟化产品升级版本发布,annual_000938_2025,2025年年度报告,26,费用,1,1.00,auto
relation_15a1c6a96ae4cfd6,Company,紫光股份,HAS_PRODUCT,Product,服务器,公司服务器、交换机、路由器、安全等产品中标包括中国移动、中国电信、中国联通、中国铁塔在内的多个集采项目。,annual_000938_2025,2025年年度报告,19,抢抓产业机遇，助力国内行业客户增强数智化水平,1,0.90,auto
relation_15af342417780dcc,Company,紫光股份,HAS_METRIC,Metric,IT产品分销与供应链服务收入占比,IT产品分销与供应链服务占营业收入比重：26.42%。,annual_000938_2025,2025年年度报告,20,单位：元,1,1.00,auto
relation_16a92de914eae0b6,Company,紫光股份,BELONGS_TO_CHAIN,IndustryChain,AI算力产业链,公司作为数字化及AI解决方案领导者，为人工智能...提供...产品,annual_000938_2025,2025年年度报告,35,公司未来发展的展望,1,0.90,auto
relation_177a0320be0e95ae,Company,紫光股份,HAS_PRODUCT,Product,灵犀使能平台,公司陆续推出百业灵犀私域大模型、灵犀使能平台、灵犀推理引擎、灵犀AI助手、灵犀Cube一体机及多个行业智能体,annual_000938_2025,2025年年度报告,13,核心竞争力分析,1,0.90,auto
relation_178c307c6a74a5e8,Company,紫光股份,DISCLOSES_RISK,Risk,商誉减值风险,本集团对商誉进行减值测试...经测试认定本集团收购新华三产生的商誉资产未发生减值,annual_000938_2025,2025年年度报告,172,合并财务报表主要项目注释（续）,1,0.80,auto
relation_17f1ffaf0f76ccf7,Company,紫光股份,DISCLOSES_RISK,Risk,委托理财风险,"报告期内委托理财的余额为54,809.27万元，存在逾期未收回风险。",annual_000938_2025,2025年年度报告,80,单位：万元,1,0.90,auto
relation_189b5716c6958ffd,Company,紫光股份,HAS_METRIC,Metric,研发费用_2024,"研发费用2,415,370.08 8,990,983.65",annual_000938_2025,2025年年度报告,108,89 -减：营业外支出,1,1.00,auto
relation_18a80e58c43d5b95,Company,紫光股份,HAS_METRIC,Metric,经营活动产生的现金流量净额,"表格中经营活动产生的现金流量净额2025年3,486,751,492.84元",annual_000938_2025,2025年年度报告,28,单位：元,1,1.00,auto
relation_1a279d508c6d23a2,Company,紫光股份,HAS_PRODUCT,Product,数据中心交换机,中国数据中心交换机市场份额33.1%，排名第二,annual_000938_2025,2025年年度报告,14,优质的客户资源和丰富的数字化转型实践经验,1,0.90,auto
relation_1af684c8114c4a41,Company,紫光股份,HAS_PRODUCT,Product,MegaBook 双系统平板,完成业内首发MegaBook 双系统平板产品发布,annual_000938_2025,2025年年度报告,27,公司研发投入情况,1,1.00,auto
relation_1b05c0013d6ca7ab,Company,紫光股份,HAS_PRODUCT,Product,数字化转型及智能化升级解决方案,为客户提供网络、计算、存储、云计算、安全和智能终端等全栈智能化信息通信（ICT）基础设施、云与智能平台，以及数字化转型及智能化升级的解决方案。,annual_000938_2025,2025年年度报告,113,基本情况,1,1.00,auto
relation_1c1de2a2b001ed45,Company,紫光股份,SUPPORTED_BY_POLICY,Policy,质量回报双提升行动方案,公司制定了“质量回报双提升”行动方案，具体举措包括夯实主业优势、坚持技术创新等,annual_000938_2025,2025年年度报告,39,市值管理制度和估值提升计划的制定落实情况,1,1.00,auto
relation_1c4eef69833fcc0b,Company,紫光股份,SUPPORTED_BY_POLICY,Policy,内部研究开发支出会计政策,本集团将内部研究开发项目的支出，区分为研究阶段支出和开发阶段支出,annual_000938_2025,2025年年度报告,130,重要会计政策及会计估计（续）,1,0.90,auto
relation_1d771348163b1229,DemandDriver,市场需求,DRIVES,Workload,研发项目,研发项目的立项基础是根据市场的需求与技术研发的需求,annual_000938_2025,2025年年度报告,130,重要会计政策及会计估计（续）,1,0.80,auto
relation_1de82dff9c0cf231,Company,紫光股份,HAS_PRODUCT,Product,云计算,持续在网络、安全、计算、存储、云计算、人工智能等重点领域的研发投入，夯实“云—网—安—算—存—端”全栈业务布局,annual_000938_2025,2025年年度报告,24,费用,1,0.90,auto
relation_1e78888defe14ad5,Company,紫光股份,HAS_PRODUCT,Product,防火墙AI 运维助手,公司防火墙AI 运维助手可提升防火墙在业务部署、故障诊断和知识问答等方面的智能化水平,annual_000938_2025,2025年年度报告,18,核心竞争力,1,0.90,auto
relation_1fef76f85a355a3e,Company,紫光股份,HAS_PRODUCT,Product,芯模社区,以芯模社区为平台,annual_000938_2025,2025年年度报告,36,资金需求及使用计划,1,0.90,auto
relation_20bcff1e2b513d1a,Company,紫光股份,HAS_PRODUCT,Product,国芯超低时延交换机,公司发布了面向极速交易场景的新一代国芯超低时延交换机,annual_000938_2025,2025年年度报告,17,力利用率，关键部件实现液冷散热，为万亿参数模型训练提供强大支持，兼具高效与绿色特性。,1,0.90,auto
relation_21f55f1446dcfc5e,Company,紫光股份,HAS_PRODUCT,Product,DDC架构新一代无损网络解决方案,发布基于DDC（Diversity Dynamic-Connectivity，多元动态联接）架构的新一代无损网络解决方案,annual_000938_2025,2025年年度报告,17,力利用率，关键部件实现液冷散热，为万亿参数模型训练提供强大支持，兼具高效与绿色特性。,1,0.90,auto
relation_22196da75748806c,Company,紫光股份,BELONGS_TO_CHAIN,IndustryChain,算力产业链,公司坚持“算力×联接”战略，重视技术创新，构建了包括全栈智能的底层数字基础设施、中层云与智能平台、上层AI“训—推—用”使能平台在内的一体化AI赋能平台,annual_000938_2025,2025年年度报告,13,核心竞争力分析,1,0.90,auto
relation_2259fdd33b264307,Company,紫光股份,BENEFITS_FROM,Workload,大规模算力集群,与多家头部互联网客户持续推进大规模算力集群与超节点系统建设。,annual_000938_2025,2025年年度报告,19,抢抓产业机遇，助力国内行业客户增强数智化水平,1,0.80,auto
relation_22d5fbf110a274eb,Risk,宏观经济环境变化风险,CONSTRAINS,Company,紫光股份,若未来全球经济增长持续放缓或我国宏观经济出现短期波动、数字化建设投资放缓，可能对公司经营产生一定的影响,annual_000938_2025,2025年年度报告,36,资金需求及使用计划,1,0.90,auto
relation_23436e520162633c,Company,紫光股份,HAS_PRODUCT,Product,金融智算整体解决方案,以金融智算整体解决方案、广域网解决方案等多方位解决方案为银行及券商客户打造数智化升级引擎。,annual_000938_2025,2025年年度报告,19,抢抓产业机遇，助力国内行业客户增强数智化水平,1,0.90,auto
relation_236c2b029477e7c2,Company,紫光股份,HAS_METRIC,Metric,研发费用_2025,"研发费用53 4,952,674,806.36",annual_000938_2025,2025年年度报告,100,营业收入,1,1.00,auto
relation_25e33a177b59ef6d,Company,紫光股份,HAS_METRIC,Metric,研发投入金额,"表格中2025年研发投入金额为4,952,674,806.36元，2024年为5,101,818,089.81元。",annual_000938_2025,2025年年度报告,27,公司研发投入情况,1,1.00,auto
relation_26c2fcf7a6d2d97e,Company,紫光股份,HAS_PRODUCT,Product,ICT基础设施与服务,"分产品：ICT 基础设施与服务，2025年收入76,846,762,924.64元，占营业收入比重79.43%。",annual_000938_2025,2025年年度报告,20,单位：元,1,1.00,auto
relation_2705c6fa69d7f3b4,Company,紫光股份,HAS_PRODUCT,Product,以太网交换机,中国以太网交换机市场份额34.5%，排名第二,annual_000938_2025,2025年年度报告,14,优质的客户资源和丰富的数字化转型实践经验,1,0.90,auto
relation_28b064dc2ebdf92a,Company,紫光股份,HAS_METRIC,Metric,营业收入同比增长率,2025年度实现营业收入967.48亿元，同比增长22.43%,annual_000938_2025,2025年年度报告,39,市值管理制度和估值提升计划的制定落实情况,1,1.00,auto
relation_29705dba71a77927,Company,紫光股份,HAS_PRODUCT,Product,云计算产品,新华三集团主要业务包括网络产品、服务器、存储产品、安全产品、云计算产品、互联网信息技术产品的研发、生产、销售等,annual_000938_2025,2025年年度报告,34,公司控制的结构化主体情况,1,0.90,auto
relation_2be6447b77362279,Company,紫光股份,HAS_PRODUCT,Product,智能终端,为客户提供网络、计算、存储、云计算、安全和智能终端等全栈智能化信息通信（ICT）基础设施、云与智能平台，以及数字化转型及智能化升级的解决方案。,annual_000938_2025,2025年年度报告,113,基本情况,1,1.00,auto
relation_2e2dc8afba035918,Company,紫光股份,HAS_METRIC,Metric,研发费用_2024,"2024年度研发费用合计5,101,818,089.81元",annual_000938_2025,2025年年度报告,191,合并财务报表主要项目注释（续）,1,1.00,auto
relation_31d3124671a3f2ca,Company,紫光股份,HAS_PRODUCT,Product,SD-WAN 智能路由器,推出新一代SD-WAN 智能路由器,annual_000938_2025,2025年年度报告,18,核心竞争力,1,0.90,auto
relation_31f69f2d8eecaa88,Company,紫光股份,HAS_PRODUCT,Product,智算解决方案,不断巩固和增强公司在全栈智算解决方案领域的领先优势,annual_000938_2025,2025年年度报告,35,公司未来发展的展望,1,0.90,auto
relation_3406cb1a01e1cfbf,Company,紫光股份,HAS_PRODUCT,Product,数字化转型及智能化升级解决方案,作为数字化及AI解决方案领导者，公司提供全栈智能化的信息通信（ICT）基础设施、云与智能平台，以及数字化转型及智能化升级解决方案。,annual_000938_2025,2025年年度报告,8,注册变更情况,1,1.00,auto
relation_3446cbb07c0917e8,Company,紫光股份,HAS_METRIC,Metric,营业收入,"合计 65,889,803,802.79",annual_000938_2025,2025年年度报告,189,合并财务报表主要项目注释（续）,1,1.00,auto
relation_34ceb60b9e8dd3bf,Company,紫光股份,USES_TECHNOLOGY,Technology,全景运维地图,全景运维地图升级，实现多域统一可视、仿真验证,annual_000938_2025,2025年年度报告,27,公司研发投入情况,1,0.90,auto
relation_3514cb944a8e483a,Company,紫光股份,HAS_METRIC,Metric,经营活动产生的现金流量净额_2024,"表格中经营活动产生的现金流量净额2024年2,440,755,824.85元",annual_000938_2025,2025年年度报告,28,单位：元,1,1.00,auto
relation_3555c9ac60030e3c,Company,紫光股份,DISCLOSES_RISK,Risk,竞争加剧,也面临着竞争加剧与供应链波动等多重挑战,annual_000938_2025,2025年年度报告,35,公司未来发展的展望,1,0.90,auto
relation_35a653f37203241f,Product,数据中心建造服务,UPSTREAM_OF,ValueChainSegment,数据中心建造,数据中心建造服务是数据中心建造环节的具体服务形式,annual_000938_2025,2025年年度报告,136,重要会计政策及会计估计（续）,1,0.80,auto
relation_3634f66841721a54,Company,紫光股份,BELONGS_TO_CHAIN,IndustryChain,AI算力产业链,公司将持续探索开辟智算业务新赛道,annual_000938_2025,2025年年度报告,36,资金需求及使用计划,1,0.80,auto
relation_378bb7ec00dcee6e,Company,紫光股份,HAS_METRIC,Metric,研发费用_2025,"研发费用2,415,370.08 8,990,983.65",annual_000938_2025,2025年年度报告,108,89 -减：营业外支出,1,1.00,auto
relation_383087fb3dec307b,Company,紫光股份,HAS_EXPOSURE,ValueChainSegment,IP网络,提升IP网络市场份额；以业务感知与分析方案积极助力运营商IP网络流量经营分析能力建设。,annual_000938_2025,2025年年度报告,19,抢抓产业机遇，助力国内行业客户增强数智化水平,1,0.90,auto
relation_38e88e6a74d48c09,Company,紫光股份,HAS_PRODUCT,Product,灵犀Cube一体机,公司陆续推出百业灵犀私域大模型、灵犀使能平台、灵犀推理引擎、灵犀AI助手、灵犀Cube一体机及多个行业智能体,annual_000938_2025,2025年年度报告,13,核心竞争力分析,1,0.90,auto
relation_39977f0d7a028d19,Company,紫光股份,USES_TECHNOLOGY,Technology,算力调优技术,公司将重点构建并完善算力调优能力,annual_000938_2025,2025年年度报告,35,公司未来发展的展望,1,0.80,auto
relation_39c5d2150a5139af,Company,紫光股份,USES_TECHNOLOGY,Technology,算力×联接,公司深化推进“算力×联接”战略,annual_000938_2025,2025年年度报告,16,主营业务分析,1,0.90,auto
relation_3a4f86a19a77574e,Company,紫光股份,HAS_PRODUCT,Product,灵犀智算解决方案,公司灵犀智算解决方案持续迭代，具备为客户提供算力调度及大模型落地的全栈能力,annual_000938_2025,2025年年度报告,13,核心竞争力分析,1,0.90,auto
relation_3aeeed6122fce468,Company,紫光股份,HAS_PRODUCT,Product,AI 安全系列智能体,AI 安全系列智能体覆盖安全运营、设备运维、高级威胁检测三大领域,annual_000938_2025,2025年年度报告,18,核心竞争力,1,0.90,auto
relation_3af7d495f4a5f658,Company,紫光股份,USES_TECHNOLOGY,Technology,800G以太网,与中国移动积极推动算力网络发展，共同完成业界首次800G以太网智算协同训练的现网技术试验。,annual_000938_2025,2025年年度报告,19,抢抓产业机遇，助力国内行业客户增强数智化水平,1,0.90,auto
relation_3c8f239d2a3ac098,Company,紫光股份,HAS_PRODUCT,Product,灵犀AI助手,公司陆续推出百业灵犀私域大模型、灵犀使能平台、灵犀推理引擎、灵犀AI助手、灵犀Cube一体机及多个行业智能体,annual_000938_2025,2025年年度报告,13,核心竞争力分析,1,0.90,auto
relation_3ce7a13d913b2827,Company,紫光股份,USES_TECHNOLOGY,Technology,灵犀使能平台,同上,annual_000938_2025,2025年年度报告,15,覆盖全球的销售网络,1,0.90,auto
relation_3dc1ae7d1a4f2485,Company,紫光股份,USES_TECHNOLOGY,Technology,Scale-up整机柜技术,公司重点推进CPO 技术与Scale-up 整机柜两大前沿技术方向研究,annual_000938_2025,2025年年度报告,17,力利用率，关键部件实现液冷散热，为万亿参数模型训练提供强大支持，兼具高效与绿色特性。,1,0.90,auto
relation_3dc555333c25a42f,Company,紫光股份,BELONGS_TO_CHAIN,IndustryChain,AI算力产业链,作为数字化及AI解决方案领导者，公司立足新一代信息通信领域，为客户提供全栈智能化的信息通信（ICT）基础设施、云与智能平台，以及数字化转型及智能化升级解决方案。,annual_000938_2025,2025年年度报告,12,管理层讨论与分析,1,0.90,auto
relation_3eecff86e85f7370,Company,紫光股份,HAS_PRODUCT,Product,路由器,中国企业网路由器市场份额31.5%，排名第二,annual_000938_2025,2025年年度报告,14,优质的客户资源和丰富的数字化转型实践经验,1,0.90,auto
relation_3f4a90aeef02f2d2,Company,紫光股份,DISCLOSES_RISK,Risk,非财务报告内部控制重大缺陷,定量标准：重大缺陷：潜在风险事件可能造成的直接财产损失金额8000 万元以上,annual_000938_2025,2025年年度报告,53,内部控制审计报告,1,1.00,auto
relation_40fa679c22ffd6fd,Company,紫光股份,HAS_PRODUCT,Product,存储,为客户提供网络、计算、存储、云计算、安全和智能终端等全栈智能化信息通信（ICT）基础设施、云与智能平台，以及数字化转型及智能化升级的解决方案。,annual_000938_2025,2025年年度报告,113,基本情况,1,1.00,auto
relation_43c9db35d9e92b18,Company,紫光股份,HAS_PRODUCT,Product,智算安全解决方案,升级智算安全解决方案,annual_000938_2025,2025年年度报告,18,核心竞争力,1,0.90,auto
relation_464a9f05f8c3289c,Company,紫光股份,HAS_EXPOSURE,ValueChainSegment,智算市场,深挖智算市场商机；持续落地大中型智算中心建设项目，巩固智算市场优势地位。,annual_000938_2025,2025年年度报告,19,抢抓产业机遇，助力国内行业客户增强数智化水平,1,0.90,auto
relation_48d153c07a8a357b,Company,紫光股份,HAS_PRODUCT,Product,百业灵犀ICT大模型,公司百业灵犀ICT大模型,annual_000938_2025,2025年年度报告,16,主营业务分析,1,0.90,auto
relation_49adceba5c03d640,Company,紫光股份,DISCLOSES_RISK,Risk,经营风险,（3）经营风险,annual_000938_2025,2025年年度报告,36,资金需求及使用计划,1,0.90,auto
relation_4a38bace00bf97b2,Company,紫光股份,HAS_PRODUCT,Product,H3C UniPoD S80000 超节点产品,推出H3C UniPoD S80000 超节点产品,annual_000938_2025,2025年年度报告,15,覆盖全球的销售网络,1,0.90,auto
relation_4a8b124d5145b34c,Company,紫光股份,HAS_METRIC,Metric,毛利率,毛利率 14.59%,annual_000938_2025,2025年年度报告,20,单位：元,1,1.00,auto
relation_4b6db716c4f5fafd,Company,紫光股份,HAS_PRODUCT,Product,H3C绿洲平台,公司“H3C绿洲平台”入选教育部优秀解决方案,annual_000938_2025,2025年年度报告,14,优质的客户资源和丰富的数字化转型实践经验,1,0.80,auto
relation_4b89de862af13629,Company,紫光股份,DISCLOSES_RISK,Risk,汇率波动风险,公司进行外汇套期保值业务会存在一定的风险：1、汇率波动风险：由于外汇市场存在各种影响汇率走势的复杂因素，不确定性较大，如未来汇率走势与公司判断的汇率波动方向发生大幅偏离，实际汇率将与公司外汇套期保值合约锁定汇率出现较大偏差，将给公司带来损失。,annual_000938_2025,2025年年度报告,32,√适用 □不适用,1,1.00,auto
relation_4bc78b5961524370,Company,紫光股份,DISCLOSES_RISK,Risk,财务报告内部控制一般缺陷,定量标准：营业收入潜在错报：一般缺陷：错报≤营业收入总额的0.5%；利润总额潜在错报：一般缺陷：错报≤利润总额的5%；资产总额潜在错报：一般缺陷：错报≤资产总额的0.5%；所有者权益潜在错报：一般缺陷：错报≤所有者权益总额的1.5%,annual_000938_2025,2025年年度报告,53,内部控制审计报告,1,1.00,auto
relation_4c3f241a0da5a3d5,Product,图灵小镇,ENABLES,IndustryConcept,智算业务,在“图灵小镇”不断扩大建设数量及运营规模的同时,annual_000938_2025,2025年年度报告,36,资金需求及使用计划,1,0.80,auto
relation_4c66d076a5ed3f64,Company,紫光股份,HAS_PRODUCT,Product,云集群智算数据中心交换机增强项目,推出新一代DDC2产品,annual_000938_2025,2025年年度报告,25,费用,1,1.00,auto
relation_4d2c5cd9dcf0997f,Company,紫光股份,HAS_METRIC,Metric,研发费用_2025,"2025年度研发费用合计4,952,674,806.36元",annual_000938_2025,2025年年度报告,191,合并财务报表主要项目注释（续）,1,1.00,auto
relation_4dc11edb7fd47ef7,Company,紫光股份,HAS_PRODUCT,Product,互联网信息技术产品,新华三集团主要业务包括网络产品、服务器、存储产品、安全产品、云计算产品、互联网信息技术产品的研发、生产、销售等,annual_000938_2025,2025年年度报告,34,公司控制的结构化主体情况,1,0.90,auto
relation_4ea0331acb056bbe,Company,紫光股份,HAS_PRODUCT,Product,云操作系统,主要产品及服务包括：4、云与智能：云操作系统、虚拟化平台、超融合产品、大数据平台、数据库等；,annual_000938_2025,2025年年度报告,12,管理层讨论与分析,1,1.00,auto
relation_4ea3fb7ca67f9f1d,Company,紫光股份,HAS_PRODUCT,Product,安全,为客户提供网络、计算、存储、云计算、安全和智能终端等全栈智能化信息通信（ICT）基础设施、云与智能平台，以及数字化转型及智能化升级的解决方案。,annual_000938_2025,2025年年度报告,113,基本情况,1,1.00,auto
relation_5195f78a9a8d4a79,Company,紫光股份,SUPPORTED_BY_POLICY,Policy,乡村全面振兴规划（2024—2027年）,中共中央、国务院印发了《乡村全面振兴规划（2024—2027 年）》...公司积极响应国家乡村振兴战略号召,annual_000938_2025,2025年年度报告,55,巩固拓展脱贫攻坚成果、乡村振兴的情况,1,0.90,auto
relation_52be7896df50f3e7,Company,紫光股份,HAS_PRODUCT,Product,海外子品牌Aolynk,报告期内，公司推出海外子品牌Aolynk，专注为全球中小企业提供一站式数字化赋能。,annual_000938_2025,2025年年度报告,19,抢抓产业机遇，助力国内行业客户增强数智化水平,1,0.90,auto
relation_52fe97fe2a42489a,Company,紫光股份,USES_TECHNOLOGY,Technology,人工智能,公司将AI技术广泛融入产品和解决方案中，持续推动产品智能化升级,annual_000938_2025,2025年年度报告,13,核心竞争力分析,1,0.90,auto
relation_54523f20302bb38b,Company,紫光股份,USES_TECHNOLOGY,Technology,芯模联动,重点聚焦“芯模联动”(芯片研发与算法模型深度协同)战略,annual_000938_2025,2025年年度报告,36,资金需求及使用计划,1,0.90,auto
relation_54f52abe20956cb1,Company,紫光股份,USES_TECHNOLOGY,Technology,静态故障检测+秒级自愈,静态故障检测+秒级自愈，保障网络稳定可靠,annual_000938_2025,2025年年度报告,27,公司研发投入情况,1,0.90,auto
relation_54f91a740c15d562,Company,紫光股份,SUPPORTED_BY_POLICY,Policy,上市公司监管指引第10号——市值管理,根据《上市公司监管指引第10号——市值管理》等规定，公司制定了《市值管理制度》,annual_000938_2025,2025年年度报告,39,市值管理制度和估值提升计划的制定落实情况,1,1.00,auto
relation_55bf1b6fd90be97f,Company,紫光股份,HAS_PRODUCT,Product,服务器,新华三集团主要业务包括网络产品、服务器、存储产品、安全产品、云计算产品、互联网信息技术产品的研发、生产、销售等,annual_000938_2025,2025年年度报告,34,公司控制的结构化主体情况,1,0.90,auto
relation_55f1818d202f9389,Company,紫光股份,HAS_METRIC,Metric,研发投入资本化的金额,表格中2025年和2024年研发投入资本化的金额均为--。,annual_000938_2025,2025年年度报告,27,公司研发投入情况,1,1.00,auto
relation_562e50b3cfacef26,Company,紫光股份,HAS_PRODUCT,Product,灵犀智算方案V5.0,公司灵犀智算方案迭代至V5.0 版本，全面支持私域训推、大规模训练、垂直行业类AI 应用开发三类智算中心的建设需求,annual_000938_2025,2025年年度报告,17,力利用率，关键部件实现液冷散热，为万亿参数模型训练提供强大支持，兼具高效与绿色特性。,1,0.90,auto
relation_5644518dcbefb922,Company,紫光股份,DISCLOSES_RISK,Risk,供应链波动,也面临着竞争加剧与供应链波动等多重挑战,annual_000938_2025,2025年年度报告,35,公司未来发展的展望,1,0.90,auto
relation_568ee7a4e15cfc37,Company,紫光股份,HAS_METRIC,Metric,国内收入,"国内收入：2025年92,037,811,596.19元，占营业收入比重95.13%。",annual_000938_2025,2025年年度报告,20,单位：元,1,1.00,auto
relation_57d57c07f61b8b26,Company,紫光股份,HAS_METRIC,Metric,营业成本_2025,"减：营业成本49 82,631,846,618.39",annual_000938_2025,2025年年度报告,100,营业收入,1,1.00,auto
relation_57d88c8816b1560c,Company,紫光股份,HAS_PRODUCT,Product,人工智能,持续在网络、安全、计算、存储、云计算、人工智能等重点领域的研发投入，夯实“云—网—安—算—存—端”全栈业务布局,annual_000938_2025,2025年年度报告,24,费用,1,0.90,auto
relation_583a1b3c839a6d4c,Company,紫光股份,HAS_PRODUCT,Product,新一代旗舰级AI服务器,完成新一代R5500系列服务器发布,annual_000938_2025,2025年年度报告,25,费用,1,1.00,auto
relation_5a8a98b211eeed23,Company,紫光股份,HAS_PRODUCT,Product,LinSeer Cube 大模型一体机,推出LinSeer Cube 大模型一体机,annual_000938_2025,2025年年度报告,16,主营业务分析,1,0.90,auto
relation_5b3041cc4d3d559a,Company,紫光股份,HAS_PRODUCT,Product,LinSeer ICT 智能体,发布了新一代数字基础设施智能化方案“LinSeer ICT 智能体”,annual_000938_2025,2025年年度报告,15,覆盖全球的销售网络,1,0.90,auto
relation_5c67125b262c8abc,Company,紫光股份,HAS_PRODUCT,Product,AI 数据平台解决方案,推出AI 数据平台解决方案,annual_000938_2025,2025年年度报告,18,核心竞争力,1,0.90,auto
relation_5e1bf9eb426f5fa1,Company,紫光股份,HAS_PRODUCT,Product,图灵小镇,在“图灵小镇”不断扩大建设数量及运营规模的同时,annual_000938_2025,2025年年度报告,36,资金需求及使用计划,1,0.90,auto
relation_5e6724f2d085c457,Company,紫光股份,HAS_PRODUCT,Product,云网安一体化解决方案,公司积极探索与本地伙伴的协同模式，推动云网安一体化能力在海外落地,annual_000938_2025,2025年年度报告,20,收入与成本,1,0.90,auto
relation_6027693c066d5189,Technology,芯模联动,ENABLES,IndustryConcept,智算业务,重点聚焦“芯模联动”(芯片研发与算法模型深度协同)战略,annual_000938_2025,2025年年度报告,36,资金需求及使用计划,1,0.80,auto
relation_60d7fddeaf2c6f77,Product,知识平台,RELIEVES,Bottleneck,大模型行业落地中私域数据使用难题,解决大模型行业落地过程中私域数据，包括结构化非结构化数据精准处理的平台,annual_000938_2025,2025年年度报告,27,公司研发投入情况,1,0.90,auto
relation_623bb25d4dbe0969,Company,紫光股份,HAS_PRODUCT,Product,CloudOS 7.0,完成 CloudOS 7.0 软件特性增强版本发布,annual_000938_2025,2025年年度报告,26,费用,1,1.00,auto
relation_62a31cc5c6254b77,Company,紫光股份,HAS_METRIC,Metric,研发费用同比增减,表格：研发费用同比增减-2.92%,annual_000938_2025,2025年年度报告,24,单位：元,1,1.00,auto
relation_62e6d22f7fe4fdb0,Technology,大模型,ENABLES,IndustryConcept,人工智能,技术层攻坚大模型、推理优化等关键技术,annual_000938_2025,2025年年度报告,12,管理层讨论与分析,1,0.90,auto
relation_6363335764afb5e3,Company,紫光股份,BENEFITS_FROM,IndustryConcept,数字化转型,解决数字化转型'最后一公里'难题,annual_000938_2025,2025年年度报告,20,收入与成本,1,0.70,auto
relation_6384460f05a8a9a0,Company,紫光股份,USES_TECHNOLOGY,Technology,U-Center,同上,annual_000938_2025,2025年年度报告,15,覆盖全球的销售网络,1,0.90,auto
relation_63b9af16cfaefdf0,Company,紫光股份,HAS_PRODUCT,Product,网络,为客户提供网络、计算、存储、云计算、安全和智能终端等全栈智能化信息通信（ICT）基础设施、云与智能平台，以及数字化转型及智能化升级的解决方案。,annual_000938_2025,2025年年度报告,113,基本情况,1,1.00,auto
relation_64a366b8e937e1f4,Company,紫光股份,USES_TECHNOLOGY,Technology,BMC,同上,annual_000938_2025,2025年年度报告,15,覆盖全球的销售网络,1,0.90,auto
relation_64b576902629356a,Company,紫光股份,BENEFITS_FROM,Policy,国务院《关于深入实施“人工智能+”行动的意见》,国务院《关于深入实施“人工智能+”行动的意见》...为行业高质量发展赋能,annual_000938_2025,2025年年度报告,12,管理层讨论与分析,1,0.80,auto
relation_6579d81e365f8465,Company,紫光股份,BELONGS_TO_CHAIN,IndustryChain,AI 算力产业链,丰富 AI 算力产品布局，持续提升 AI 解决方案能力与市场地位,annual_000938_2025,2025年年度报告,27,公司研发投入情况,1,0.70,auto
relation_668c387f18177397,Company,紫光股份,DISCLOSES_RISK,Risk,人力资源风险,公司业务所涉足的领域专业性较强，加之现代企业竞争日益激烈，公司将面临着人力资源成本上升、技术人员和核心业务骨干缺乏的风险。,annual_000938_2025,2025年年度报告,37,报告期内接待调研、沟通、采访等活动,1,0.90,auto
relation_6a27835449492bc1,Company,紫光股份,HAS_PRODUCT,Product,云与智能平台,为客户提供网络、计算、存储、云计算、安全和智能终端等全栈智能化信息通信（ICT）基础设施、云与智能平台，以及数字化转型及智能化升级的解决方案。,annual_000938_2025,2025年年度报告,113,基本情况,1,1.00,auto
relation_6a695f8154e58148,Company,紫光股份,HAS_PRODUCT,Product,下一代存储,公司打造了以高速无损网络、人工智能服务器、下一代存储、算力调度管理平台为核心的全栈智算解决方案,annual_000938_2025,2025年年度报告,16,主营业务分析,1,0.90,auto
relation_6c526f18a3e035f5,Company,紫光股份,HAS_EXPOSURE,IndustryConcept,数字化,作为数字化及AI解决方案提供者,annual_000938_2025,2025年年度报告,113,基本情况,1,1.00,auto
relation_6df64f532b3423b6,Company,紫光股份,HAS_PRODUCT,Product,ICT基础设施与服务,产品分类：ICT基础设施与服务,annual_000938_2025,2025年年度报告,21,单位：元,1,1.00,auto
relation_6e69ad9d80706a41,Company,紫光股份,HAS_METRIC,Metric,ICT基础设施与服务收入占比,ICT基础设施与服务占营业收入比重：79.43%。,annual_000938_2025,2025年年度报告,20,单位：元,1,1.00,auto
relation_6ed3739843369a94,Company,紫光股份,HAS_METRIC,Metric,营业收入_2024,"营业收入49 79,024,078,451.16",annual_000938_2025,2025年年度报告,100,营业收入,1,1.00,auto
relation_6f976181d216921a,Company,紫光股份,HAS_PRODUCT,Product,安全产品,为人工智能、云计算、大数据、物联网等新兴技术在行业应用提供技术领先的计算、网络、存储和安全等软硬件产品,annual_000938_2025,2025年年度报告,35,公司未来发展的展望,1,0.90,auto
relation_6fec882f638cc461,Company,紫光股份,HAS_PRODUCT,Product,Cloudnet云管,2025 年Cloudnet 云管业务快速增长,annual_000938_2025,2025年年度报告,17,力利用率，关键部件实现液冷散热，为万亿参数模型训练提供强大支持，兼具高效与绿色特性。,1,0.90,auto
relation_6fff648945bb2cce,Company,紫光股份,HAS_PRODUCT,Product,AI工作站,主要产品及服务包括：6、智能终端：商用笔记本电脑、商用台式机、智慧云屏、AI工作站等。,annual_000938_2025,2025年年度报告,12,管理层讨论与分析,1,1.00,auto
relation_7042a5c455ab03d1,Company,紫光股份,HAS_PRODUCT,Product,网络,持续在网络、安全、计算、存储、云计算、人工智能等重点领域的研发投入，夯实“云—网—安—算—存—端”全栈业务布局,annual_000938_2025,2025年年度报告,24,费用,1,0.90,auto
relation_724be5701ee95369,Company,紫光股份,HAS_METRIC,Metric,营业收入_2025,"营业收入4 115,158,438.75 258,272,495.85",annual_000938_2025,2025年年度报告,108,89 -减：营业外支出,1,1.00,auto
relation_72d444929fc66bbf,Company,紫光股份,HAS_PRODUCT,Product,交通大模型,推出交通大模型、交通智算解决方案、城轨行业智能体。,annual_000938_2025,2025年年度报告,19,抢抓产业机遇，助力国内行业客户增强数智化水平,1,0.90,auto
relation_73468d47a24e6128,Company,紫光股份,BENEFITS_FROM,IndustryConcept,智算中心,基础层聚焦智算中心等核心算力设施,annual_000938_2025,2025年年度报告,12,管理层讨论与分析,1,0.70,auto
relation_7349d16fd4b12d67,Company,紫光股份,HAS_PRODUCT,Product,数字乡村解决方案,聚焦信息基础设施、公共支撑平台、数字应用场景、保障体系建设、建设运营管理等数字乡村建设场景,annual_000938_2025,2025年年度报告,55,巩固拓展脱贫攻坚成果、乡村振兴的情况,1,0.80,auto
relation_7702d15333216697,Company,紫光股份,HAS_PRODUCT,Product,算力调度管理平台,公司打造了以高速无损网络、人工智能服务器、下一代存储、算力调度管理平台为核心的全栈智算解决方案,annual_000938_2025,2025年年度报告,16,主营业务分析,1,0.90,auto
relation_77ed23bf08d11bd0,Company,紫光股份,USES_TECHNOLOGY,Technology,Comware,公司在网络、服务器、存储、云计算、安全等重点领域掌握核心技术，包括Comware、AD-NET、U-Center、CloudOS、UltraStor、BMC、傲飞算力平台、灵犀使能平台等平台与核心底层软件以及相应的硬件产品IP,annual_000938_2025,2025年年度报告,15,覆盖全球的销售网络,1,0.90,auto
relation_7845cbda72a60efb,Company,紫光股份,USES_TECHNOLOGY,Technology,AD-NET,同上,annual_000938_2025,2025年年度报告,15,覆盖全球的销售网络,1,0.90,auto
relation_7871ab0c98d6edbd,Company,紫光股份,HAS_METRIC,Metric,国外营业收入,"国外 | 4,710,527,747.84 | 3,601,208,503.46 | 23.55% | 53.59% | 73.58% | -8.81%",annual_000938_2025,2025年年度报告,21,公司实物销售收入是否大于劳务收入,1,1.00,auto
relation_788b32788fc6088c,Company,紫光股份,HAS_PRODUCT,Product,全场景Wi-Fi 7组网方案,完成全场景丰富Wi-Fi 7 AP 款型及管理平台增强项目发布,annual_000938_2025,2025年年度报告,26,费用,1,1.00,auto
relation_7996e06988568abb,Company,紫光股份,HAS_PRODUCT,Product,IT产品分销与供应链服务,"分产品：IT 产品分销与供应链服务，2025年收入25,561,918,394.39元，占营业收入比重26.42%。",annual_000938_2025,2025年年度报告,20,单位：元,1,1.00,auto
relation_79a9d45ca5757056,Company,紫光股份,HAS_METRIC,Metric,营业收入_2025,"营业收入49 96,748,339,344.03",annual_000938_2025,2025年年度报告,100,营业收入,1,1.00,auto
relation_79dcf79f7a23c7d5,Company,紫光股份,HAS_METRIC,Metric,毛利率比上年同期增减,毛利率比上年同期增减 -2.80%,annual_000938_2025,2025年年度报告,20,单位：元,1,1.00,auto
relation_7ad2973ab791145b,Company,紫光股份,USES_TECHNOLOGY,Technology,云计算,公司深度布局“云—网—安—算—存—端”全产业链，提供网络、计算、存储、安全、终端等全栈智能ICT基础设施产品、先进的云与智能平台和数字化解决方案,annual_000938_2025,2025年年度报告,13,核心竞争力分析,1,0.90,auto
relation_7ad5ffc061c4c9de,Company,紫光股份,HAS_PRODUCT,Product,数据中心交换机,公司数据中心交换机和高端路由器成功通过欧洲高级网络测试中心（EANTC）2025 互通性测试,annual_000938_2025,2025年年度报告,18,核心竞争力,1,0.90,auto
relation_7d5c0a6074b509c4,Company,紫光股份,HAS_PRODUCT,Product,计算,为客户提供网络、计算、存储、云计算、安全和智能终端等全栈智能化信息通信（ICT）基础设施、云与智能平台，以及数字化转型及智能化升级的解决方案。,annual_000938_2025,2025年年度报告,113,基本情况,1,1.00,auto
relation_7e2675cb7f843081,Company,紫光股份,HAS_PRODUCT,Product,园区网控制器7.3版本,完成园区网控制器 7.3 版本发布,annual_000938_2025,2025年年度报告,26,费用,1,1.00,auto
relation_7e76ee357f604bb1,Company,紫光股份,HAS_METRIC,Metric,研发投入占营业收入比例,表格中2025年研发投入占营业收入比例为5.12%，2024年为6.46%。,annual_000938_2025,2025年年度报告,27,公司研发投入情况,1,1.00,auto
relation_7ed62b77a1180ca0,Company,紫光股份,HAS_METRIC,Metric,国内营业收入,"国内 | 92,037,811,596.19 | 79,030,638,114.93 | 14.13% | 21.17% | 25.03% | -2.66%",annual_000938_2025,2025年年度报告,21,公司实物销售收入是否大于劳务收入,1,1.00,auto
relation_7f97bcbe0cc30053,DemandDriver,人工智能+行动,DRIVES,IndustryConcept,人工智能,随着实体经济与数字经济的加速融合以及“人工智能+”行动的持续开展,annual_000938_2025,2025年年度报告,35,公司未来发展的展望,1,0.80,auto
relation_7ff37547304c873c,Company,紫光股份,HAS_METRIC,Metric,国外收入,"国外收入：2025年4,710,527,747.84元，占营业收入比重4.87%。",annual_000938_2025,2025年年度报告,20,单位：元,1,1.00,auto
relation_8053dbc8c22f3b70,Company,紫光股份,HAS_PRODUCT,Product,安全大数据中台产品,完成安全大模型和安全智能体产品发布,annual_000938_2025,2025年年度报告,26,费用,1,1.00,auto
relation_82fa08c7c832d8a0,Company,紫光股份,USES_TECHNOLOGY,Technology,Wi-Fi 7,全场景Wi-Fi 7组网方案增强,annual_000938_2025,2025年年度报告,26,费用,1,1.00,auto
relation_82fff54b5db1577d,Company,紫光股份,HAS_PRODUCT,Product,百业灵犀私域大模型,公司陆续推出百业灵犀私域大模型、灵犀使能平台、灵犀推理引擎、灵犀AI助手、灵犀Cube一体机及多个行业智能体,annual_000938_2025,2025年年度报告,13,核心竞争力分析,1,0.90,auto
relation_84fea3cc3f609209,Company,紫光股份,HAS_PRODUCT,Product,IT产品分销与供应链服务,产品分类：IT产品分销与供应链服务,annual_000938_2025,2025年年度报告,21,单位：元,1,1.00,auto
relation_8655190e028d0b11,Company,紫光股份,HAS_PRODUCT,Product,政务云,参与19个国家部委(局)级、26个省级和200多个地市县级地区的政务云开发工作,annual_000938_2025,2025年年度报告,14,优质的客户资源和丰富的数字化转型实践经验,1,0.80,auto
relation_86711ad292e1f399,Company,紫光股份,BELONGS_TO_CHAIN,IndustryChain,AI算力产业链,作为数字化及AI解决方案提供者，为客户提供网络、计算、存储、云计算、安全和智能终端等全栈智能化信息通信（ICT）基础设施、云与智能平台，以及数字化转型及智能化升级的解决方案。,annual_000938_2025,2025年年度报告,113,基本情况,1,0.90,auto
relation_878946d1e3c068b6,Company,紫光股份,HAS_METRIC,Metric,归母净利润同比增长率,实现归属于上市公司股东的净利润16.86亿元，同比增长7.19%,annual_000938_2025,2025年年度报告,39,市值管理制度和估值提升计划的制定落实情况,1,1.00,auto
relation_87e527c8839e007a,Company,紫光股份,HAS_EXPOSURE,ValueChainSegment,政企DICT市场,强化政企DICT市场合作。,annual_000938_2025,2025年年度报告,19,抢抓产业机遇，助力国内行业客户增强数智化水平,1,0.80,auto
relation_880e3afad6978e7b,Company,紫光股份,HAS_PRODUCT,Product,液冷技术创新产品,2025年，公司又陆续推出多款液冷技术创新产品及配套解决方案,annual_000938_2025,2025年年度报告,15,覆盖全球的销售网络,1,0.90,auto
relation_887b7db028c2e7cf,Company,紫光股份,HAS_METRIC,Metric,归母净利润,实现归属于上市公司股东的净利润16.86亿元，同比增长7.19%,annual_000938_2025,2025年年度报告,39,市值管理制度和估值提升计划的制定落实情况,1,1.00,auto
relation_88ba9dc68cabfef7,Company,紫光股份,HAS_PRODUCT,Product,云计算,为客户提供网络、计算、存储、云计算、安全和智能终端等全栈智能化信息通信（ICT）基础设施、云与智能平台，以及数字化转型及智能化升级的解决方案。,annual_000938_2025,2025年年度报告,113,基本情况,1,1.00,auto
relation_8a0c595f7a13069a,Company,紫光股份,HAS_PRODUCT,Product,园区交换机,中国企业网园区交换机市场份额36.2%，排名第二,annual_000938_2025,2025年年度报告,14,优质的客户资源和丰富的数字化转型实践经验,1,0.90,auto
relation_8a59cefc73b08064,Company,紫光股份,HAS_PRODUCT,Product,H3C UniServer G7系列模块化服务器,公司H3C UniServer G7 系列模块化服务器以丰富的软硬件生态兼容性，适用于集群训练、训推一体、边缘推理等场景,annual_000938_2025,2025年年度报告,17,力利用率，关键部件实现液冷散热，为万亿参数模型训练提供强大支持，兼具高效与绿色特性。,1,0.90,auto
relation_8b30a514de2bd379,Company,紫光股份,HAS_METRIC,Metric,扣非归母净利润,实现归属于上市公司股东的扣除非经常性损益的净利润16.35亿元，同比增长12.26%,annual_000938_2025,2025年年度报告,39,市值管理制度和估值提升计划的制定落实情况,1,1.00,auto
relation_8dc93700e4f21c53,Company,紫光股份,USES_TECHNOLOGY,Technology,傲飞算力平台,同上,annual_000938_2025,2025年年度报告,15,覆盖全球的销售网络,1,0.90,auto
relation_8df1ee1f3657fe6a,Company,紫光股份,HAS_METRIC,Metric,归属于上市公司股东的净利润,"归属于上市公司股东的净利润（元）2025年1,685,521,754.82",annual_000938_2025,2025年年度报告,9,□是 √否,1,1.00,auto
relation_8e102305a3abcb8d,Company,紫光股份,USES_TECHNOLOGY,Technology,数智技术,公司积极响应国家乡村振兴战略号召，以数智技术赋能乡村振兴,annual_000938_2025,2025年年度报告,55,巩固拓展脱贫攻坚成果、乡村振兴的情况,1,0.90,auto
relation_8ea0d5ac752ea436,Company,紫光股份,HAS_METRIC,Metric,主营业务收入_2024,"2024年主营业务收入78,865,531,368.92元",annual_000938_2025,2025年年度报告,188,合并财务报表主要项目注释（续）,1,1.00,auto
relation_8f977c27b4ee95ca,Company,紫光股份,HAS_METRIC,Metric,稳定期毛利率,毛利率14.8%,annual_000938_2025,2025年年度报告,174,合并财务报表主要项目注释（续）,1,1.00,auto
relation_8ff58d1507860c32,Company,紫光股份,HAS_PRODUCT,Product,广域网控制器7.4版本,完成广域网控制器 7.4 版本发布,annual_000938_2025,2025年年度报告,26,费用,1,1.00,auto
relation_92172d69dbf7b9dc,Company,紫光股份,HAS_PRODUCT,Product,灵犀智算解决方案,主要研发项目名称：灵犀智算解决方案,annual_000938_2025,2025年年度报告,24,况如下：,1,0.90,auto
relation_92e73b9614743dbf,Product,LinSeer MegaCube AI 一体机,ENABLES,Workload,桌面级 AI 算力,满足桌面级 AI 算力灵活和快速部署需求,annual_000938_2025,2025年年度报告,27,公司研发投入情况,1,0.90,auto
relation_93e6cac1b50c90db,Company,紫光股份,HAS_PRODUCT,Product,知识平台,针对大模型行业落地中如何有效进行私域数据使用的平台,annual_000938_2025,2025年年度报告,27,公司研发投入情况,1,1.00,auto
relation_940aca5a98d14d20,Company,紫光股份,HAS_PRODUCT,Product,新一代高密汇聚路由器开发项目,完成新一代SR6616路由器架构升级产品发布,annual_000938_2025,2025年年度报告,25,费用,1,1.00,auto
relation_943265e96e196c69,Company,紫光股份,HAS_METRIC,Metric,营业收入,2025年度实现营业收入967.48亿元，同比增长22.43%,annual_000938_2025,2025年年度报告,39,市值管理制度和估值提升计划的制定落实情况,1,1.00,auto
relation_95ff9e152efc9bcd,Company,紫光股份,USES_TECHNOLOGY,Technology,RISC-V 架构,充分利用开放、灵活和高效的RISC-V 架构,annual_000938_2025,2025年年度报告,18,核心竞争力,1,0.90,auto
relation_96a1ddd3a7d6b93f,Company,紫光股份,HAS_PRODUCT,Product,交换机,主要产品及服务包括：1、网络设备：交换机、路由器、WLAN、SDN、PON、智能管理与运维服务等；,annual_000938_2025,2025年年度报告,12,管理层讨论与分析,1,1.00,auto
relation_9782d03d71ae28b7,Company,紫光股份,HAS_PRODUCT,Product,人工智能计算服务器,主要产品及服务包括：2、服务器：通用计算服务器、人工智能计算服务器、关键业务计算服务器、边缘计算服务器等；,annual_000938_2025,2025年年度报告,12,管理层讨论与分析,1,1.00,auto
relation_9973dff7f328c564,Company,紫光股份,HAS_PRODUCT,Product,LinSeer MegaCube AI 一体机,完成 LinSeer MegaCube AI 一体机发布,annual_000938_2025,2025年年度报告,27,公司研发投入情况,1,1.00,auto
relation_99b370f9de8e786d,Company,紫光股份,HAS_PRODUCT,Product,智算中心,联合运营商累计建设48个中大型智算中心,annual_000938_2025,2025年年度报告,14,优质的客户资源和丰富的数字化转型实践经验,1,0.80,auto
relation_99e07f2e9ebe86dd,DemandDriver,大模型在行业落地的市场机会,DRIVES,Product,知识平台,抓住大模型在行业落地的市场机会，解决行业大模型落地的痛点,annual_000938_2025,2025年年度报告,27,公司研发投入情况,1,0.80,auto
relation_9a6d487ca9ad2f06,Company,紫光股份,HAS_METRIC,Metric,营业成本_2024,"减：营业成本49 65,282,115,477.87",annual_000938_2025,2025年年度报告,100,营业收入,1,1.00,auto
relation_9a7d9fbad7a6f060,Company,紫光股份,HAS_PRODUCT,Product,算力快线解决方案,合作伙伴首推“算力快线解决方案”,annual_000938_2025,2025年年度报告,18,核心竞争力,1,0.90,auto
relation_9ab4e64065289464,Company,紫光股份,USES_TECHNOLOGY,Technology,FPGA加速,通过新一代处理器及FPGA 加速卡升级，新建连接性能同比提升 160%,annual_000938_2025,2025年年度报告,26,费用,1,1.00,auto
relation_9ec0778cabf6f492,Company,紫光股份,HAS_PRODUCT,Product,安全,持续在网络、安全、计算、存储、云计算、人工智能等重点领域的研发投入，夯实“云—网—安—算—存—端”全栈业务布局,annual_000938_2025,2025年年度报告,24,费用,1,0.90,auto
relation_a188062a954cd282,Company,紫光股份,SUPPORTED_BY_POLICY,Policy,企业会计准则第37号——金融工具列报,同上。,annual_000938_2025,2025年年度报告,32,√适用 □不适用,1,1.00,auto
relation_a27b3ec09bc76d4f,Company,紫光股份,HAS_PRODUCT,Product,下一代存储升级开发项目,完成下一代分布式存储X20000升级版本发布,annual_000938_2025,2025年年度报告,25,费用,1,1.00,auto
relation_a27fc70a243c0a8c,Company,紫光股份,HAS_PRODUCT,Product,存储,持续在网络、安全、计算、存储、云计算、人工智能等重点领域的研发投入，夯实“云—网—安—算—存—端”全栈业务布局,annual_000938_2025,2025年年度报告,24,费用,1,0.90,auto
relation_a3a8b9f6b0093b09,Company,紫光股份,HAS_PRODUCT,Product,新一代通算服务器,完成新一代R4700和4900系列服务器发布,annual_000938_2025,2025年年度报告,25,费用,1,1.00,auto
relation_a58404e2abd47fdd,Company,紫光股份,HAS_METRIC,Metric,研发费用_2025,"表格：2025年研发费用4,952,674,806.36元",annual_000938_2025,2025年年度报告,24,单位：元,1,1.00,auto
relation_a83eaf348a2a243f,Company,紫光股份,DISCLOSES_RISK,Risk,无形资产减值风险,当存在市价大幅度下跌等表明资产可能发生减值的迹象时，计提无形资产减值准备,annual_000938_2025,2025年年度报告,130,重要会计政策及会计估计（续）,1,0.80,auto
relation_aab4bf08a941b61c,Company,紫光股份,DISCLOSES_RISK,Risk,非财务报告内部控制一般缺陷,定量标准：一般缺陷：潜在风险事件可能造成的直接财产损失金额在2000 万元（含2000 万元）以下,annual_000938_2025,2025年年度报告,53,内部控制审计报告,1,1.00,auto
relation_ab043ce63b829578,Company,紫光股份,HAS_METRIC,Metric,营业收入_2024,"2024年营业收入79,024,078,451.16元",annual_000938_2025,2025年年度报告,188,合并财务报表主要项目注释（续）,1,1.00,auto
relation_abd190fad73eb5ad,Company,紫光股份,HAS_METRIC,Metric,营业收入_2025,"2025年营业收入96,748,339,344.03元",annual_000938_2025,2025年年度报告,188,合并财务报表主要项目注释（续）,1,1.00,auto
relation_ac02638f819dac48,Company,紫光股份,SUPPORTED_BY_POLICY,Policy,研发费用加计扣除政策,根据《财政部 税务总局关于进一步完善研发费用税前加计扣除政策的公告》（财税〔2023〕7 号）规定，企业开展研发活动中实际发生的研发费用，未形成无形资产计入当期损益的，在按规定据实扣除的基础上，自2023 年1 月1 日起，再按照实际发生额的100%在税前加计扣除；形成无形资产的，自2023 年1 月1 日起，按照无形资产成本的200%在税前摊销。,annual_000938_2025,2025年年度报告,147,税项（续）,1,1.00,auto
relation_ac73847aaab59875,Company,紫光股份,HAS_PRODUCT,Product,存储产品,新华三集团主要业务包括网络产品、服务器、存储产品、安全产品、云计算产品、互联网信息技术产品的研发、生产、销售等,annual_000938_2025,2025年年度报告,34,公司控制的结构化主体情况,1,0.90,auto
relation_ad2e100a24484e4b,Policy,国务院《关于深入实施“人工智能+”行动的意见》,DRIVES,IndustryConcept,智算中心,国务院《关于深入实施“人工智能+”行动的意见》...明确算力基础设施建设、行业深度融合等发展方向,annual_000938_2025,2025年年度报告,12,管理层讨论与分析,1,0.90,auto
relation_ad658d0184980590,Company,紫光股份,USES_TECHNOLOGY,Technology,UltraStor,同上,annual_000938_2025,2025年年度报告,15,覆盖全球的销售网络,1,0.90,auto
relation_aebf5aef0060fca5,Company,紫光股份,HAS_METRIC,Metric,归属于上市公司股东的扣除非经常性损益的净利润,表格显示紫光股份2025年各季度归属于上市公司股东的扣除非经常性损益的净利润数据。,annual_000938_2025,2025年年度报告,10,非经常性损益项目及金额,1,1.00,auto
relation_afad3c24c2bf7584,Company,紫光股份,HAS_PRODUCT,Product,云与智能平台,作为数字化及AI解决方案领导者，公司提供全栈智能化的信息通信（ICT）基础设施、云与智能平台，以及数字化转型及智能化升级解决方案。,annual_000938_2025,2025年年度报告,8,注册变更情况,1,1.00,auto
relation_b15dff1b6c92f413,Company,紫光股份,HAS_METRIC,Metric,直销营业收入,"直销 | 48,566,509,801.63 | 44,985,319,544.58 | 7.37% | 52.28% | 61.53% | -5.31%",annual_000938_2025,2025年年度报告,21,公司实物销售收入是否大于劳务收入,1,1.00,auto
relation_b2625b3444067318,Company,紫光股份,HAS_METRIC,Metric,营业收入,公司实现营业收入967.48亿元,annual_000938_2025,2025年年度报告,16,主营业务分析,1,1.00,auto
relation_b359d0cbf60a0859,Company,紫光股份,HAS_PRODUCT,Product,全光以太网5.0方案,完成多通道汇聚主机和系列全光入室影终端产品发布,annual_000938_2025,2025年年度报告,25,费用,1,1.00,auto
relation_b4baa60d6fe5c50d,Company,紫光股份,DISCLOSES_RISK,Risk,研发失败风险,研究阶段的支出，于发生时计入当期损益,annual_000938_2025,2025年年度报告,130,重要会计政策及会计估计（续）,1,0.70,auto
relation_b5968228dee57a24,Company,紫光股份,DISCLOSES_RISK,Risk,财务报告内部控制重大缺陷,定量标准：营业收入潜在错报：重大缺陷：营业收入总额的1%＜错报；利润总额潜在错报：重大缺陷：利润总额的10%＜错报；资产总额潜在错报：重大缺陷：资产总额的1%＜错报；所有者权益潜在错报：重大缺陷：所有者权益总额的3%＜错报,annual_000938_2025,2025年年度报告,53,内部控制审计报告,1,1.00,auto
relation_b6f9535719c86644,Company,紫光股份,HAS_PRODUCT,Product,人工智能服务器,公司打造了以高速无损网络、人工智能服务器、下一代存储、算力调度管理平台为核心的全栈智算解决方案,annual_000938_2025,2025年年度报告,16,主营业务分析,1,0.90,auto
relation_b73dca31e25a5558,Company,紫光股份,HAS_METRIC,Metric,营业收入,"新华三集团营业收入75,980,744,968.15元",annual_000938_2025,2025年年度报告,34,公司控制的结构化主体情况,1,0.95,auto
relation_bcc6780153264cd2,Company,紫光股份,HAS_PRODUCT,Product,高端防火墙SecPath M9000,完成SecPath M9000 防火墙硬件架构升级产品发布,annual_000938_2025,2025年年度报告,26,费用,1,1.00,auto
relation_be7e29a8db886b64,Company,紫光股份,HAS_PRODUCT,Product,全栈智能化的信息通信（ICT）基础设施,作为数字化及AI解决方案领导者，公司提供全栈智能化的信息通信（ICT）基础设施、云与智能平台，以及数字化转型及智能化升级解决方案。,annual_000938_2025,2025年年度报告,8,注册变更情况,1,1.00,auto
relation_c090853cdf71768b,Company,紫光股份,HAS_METRIC,Metric,经营活动产生的现金流量净额,表格显示紫光股份2025年各季度经营活动产生的现金流量净额数据。,annual_000938_2025,2025年年度报告,10,非经常性损益项目及金额,1,1.00,auto
relation_c2dc56c3e24cb543,Company,紫光股份,HAS_PRODUCT,Product,ICT基础设施,为客户提供网络、计算、存储、云计算、安全和智能终端等全栈智能化信息通信（ICT）基础设施、云与智能平台，以及数字化转型及智能化升级的解决方案。,annual_000938_2025,2025年年度报告,113,基本情况,1,1.00,auto
relation_c55b7a6e3e0affe8,Company,紫光股份,DISCLOSES_RISK,Risk,技术和产品研发风险,（2）技术和产品研发风险,annual_000938_2025,2025年年度报告,36,资金需求及使用计划,1,0.90,auto
relation_c627c021b52f2d61,Company,紫光股份,SUPPORTED_BY_POLICY,Policy,企业会计准则第24号——套期会计,同上。,annual_000938_2025,2025年年度报告,32,√适用 □不适用,1,1.00,auto
relation_c65d4fa59985a4f2,Company,紫光股份,DISCLOSES_RISK,Risk,履约风险,3、履约风险：外汇套期保值业务存在合约到期无法履约造成违约而带来的风险。,annual_000938_2025,2025年年度报告,32,√适用 □不适用,1,1.00,auto
relation_c65d6601507afe01,Company,紫光股份,HAS_METRIC,Metric,营业收入,"营业收入合计：2025年96,748,339,344.03元，占营业收入比重100%。",annual_000938_2025,2025年年度报告,20,单位：元,1,1.00,auto
relation_c6e4e34d7ea7f3cb,Company,紫光股份,HAS_PRODUCT,Product,ICT基础设施与服务,分产品：ICT 基础设施与服务,annual_000938_2025,2025年年度报告,20,单位：元,1,1.00,auto
relation_c73c90cf4becdec2,Company,紫光股份,HAS_PRODUCT,Product,全光网络5.0解决方案,发布全光网络5.0 解决方案,annual_000938_2025,2025年年度报告,17,力利用率，关键部件实现液冷散热，为万亿参数模型训练提供强大支持，兼具高效与绿色特性。,1,0.90,auto
relation_c75bf6e8426eb0f5,Company,紫光股份,HAS_METRIC,Metric,经营活动产生的现金流量净额,"经营活动产生的现金流量净额（元）2025年3,486,751,492.84",annual_000938_2025,2025年年度报告,9,□是 √否,1,1.00,auto
relation_cbfa6867c4f1dbfe,Company,紫光股份,HAS_METRIC,Metric,营业收入,"营业收入 96,748,339,344.03",annual_000938_2025,2025年年度报告,20,单位：元,1,1.00,auto
relation_cc4942380bcaeff8,Company,紫光股份,HAS_METRIC,Metric,商品销售收入,"其中商品销售收入为人民币90,464百万元",annual_000938_2025,2025年年度报告,91,财务报告,1,1.00,auto
relation_cdc685e42600c4ea,Company,紫光股份,USES_TECHNOLOGY,Technology,CPO技术,公司重点推进CPO 技术与Scale-up 整机柜两大前沿技术方向研究,annual_000938_2025,2025年年度报告,17,力利用率，关键部件实现液冷散热，为万亿参数模型训练提供强大支持，兼具高效与绿色特性。,1,0.90,auto
relation_ce24f118b16ea8cf,Company,紫光股份,HAS_PRODUCT,Product,计算产品,为人工智能、云计算、大数据、物联网等新兴技术在行业应用提供技术领先的计算、网络、存储和安全等软硬件产品,annual_000938_2025,2025年年度报告,35,公司未来发展的展望,1,0.90,auto
relation_cebef3c4e7364996,Company,紫光股份,DISCLOSES_RISK,Risk,内部控制风险,2、内部控制风险：外汇套期保值业务专业性较强，复杂程度较高，可能会由于内部控制机制不完善而造成操作风险。,annual_000938_2025,2025年年度报告,32,√适用 □不适用,1,1.00,auto
relation_d013897dfdd8afcc,Company,紫光股份,HAS_PRODUCT,Product,51.2T CPO硅光数据中心交换机,51.2T CPO 硅光数据中心交换机产品融合核心技术优势,annual_000938_2025,2025年年度报告,17,力利用率，关键部件实现液冷散热，为万亿参数模型训练提供强大支持，兼具高效与绿色特性。,1,0.90,auto
relation_d08f2c462ca988cb,Company,紫光股份,HAS_METRIC,Metric,营业收入_2024,"营业收入4 115,158,438.75 258,272,495.85",annual_000938_2025,2025年年度报告,108,89 -减：营业外支出,1,1.00,auto
relation_d3720823dd9f001e,Company,紫光股份,BELONGS_TO_CHAIN,IndustryChain,云—网—安—算—存—端,夯实“云—网—安—算—存—端”全栈业务布局,annual_000938_2025,2025年年度报告,24,费用,1,0.90,auto
relation_d44510fa569dc5bc,Company,紫光股份,HAS_METRIC,Metric,主营业务收入_2025,"2025年主营业务收入96,267,600,254.58元",annual_000938_2025,2025年年度报告,188,合并财务报表主要项目注释（续）,1,1.00,auto
relation_d594153030063462,Company,紫光股份,HAS_METRIC,Metric,归属于上市公司股东的扣除非经常性损益的净利润,"归属于上市公司股东的扣除非经常性损益的净利润（元）2025年1,634,660,607.17",annual_000938_2025,2025年年度报告,9,□是 √否,1,1.00,auto
relation_d5e0834a196b5d74,Company,紫光股份,HAS_PRODUCT,Product,灵犀使能平台,全面升级灵犀使能平台能力,annual_000938_2025,2025年年度报告,16,主营业务分析,1,0.90,auto
relation_d6a060eb40187585,Company,紫光股份,HAS_METRIC,Metric,归属于上市公司股东的净利润,表格显示紫光股份2025年各季度归属于上市公司股东的净利润数据。,annual_000938_2025,2025年年度报告,10,非经常性损益项目及金额,1,1.00,auto
relation_d83065ee6e2ecb3d,Product,云网安一体化解决方案,ENABLES,IndustryConcept,数字化转型,解决数字化转型'最后一公里'难题,annual_000938_2025,2025年年度报告,20,收入与成本,1,0.90,auto
relation_db88b324ea8d64eb,Company,紫光股份,DISCLOSES_RISK,Risk,宏观经济环境变化风险,（1）宏观经济环境变化风险,annual_000938_2025,2025年年度报告,36,资金需求及使用计划,1,0.90,auto
relation_dbff432f6740cbf5,Product,芯模社区,ENABLES,IndustryConcept,智算业务,以芯模社区为平台，重点聚焦“芯模联动”战略,annual_000938_2025,2025年年度报告,36,资金需求及使用计划,1,0.80,auto
relation_ddef4b51d60c80ee,Company,紫光股份,HAS_PRODUCT,Product,网络产品,为人工智能、云计算、大数据、物联网等新兴技术在行业应用提供技术领先的计算、网络、存储和安全等软硬件产品,annual_000938_2025,2025年年度报告,35,公司未来发展的展望,1,0.90,auto
relation_de5caafdebac3ae0,Company,紫光股份,USES_TECHNOLOGY,Technology,AI智能体,积极探索并实践AI智能体在政务场景的落地应用。,annual_000938_2025,2025年年度报告,19,抢抓产业机遇，助力国内行业客户增强数智化水平,1,0.80,auto
relation_e0e1b7bc7e81d4a8,Company,紫光股份,DISCLOSES_RISK,Risk,财务报告内部控制重要缺陷,定量标准：营业收入潜在错报：重要缺陷：营业收入总额的0.5%＜错报≤营业收入总额的1%；利润总额潜在错报：重要缺陷：利润总额的5%＜错报≤利润总额的10%；资产总额潜在错报：重要缺陷：资产总额的0.5%＜错报≤资产总额的1%；所有者权益潜在错报：重要缺陷：所有者权益总额的1.5%＜错报≤所有者权益总额的3%,annual_000938_2025,2025年年度报告,53,内部控制审计报告,1,1.00,auto
relation_e35254aaa5651c63,Company,紫光股份,HAS_PRODUCT,Product,UTM防火墙,中国UTM防火墙市场份额21.1%，位列第三,annual_000938_2025,2025年年度报告,14,优质的客户资源和丰富的数字化转型实践经验,1,0.90,auto
relation_e36413ed9ebd7700,Company,紫光股份,HAS_PRODUCT,Product,超融合虚拟化融合版本,完成新一代超融合版本发布,annual_000938_2025,2025年年度报告,26,费用,1,1.00,auto
relation_e37303f283df29ae,Company,紫光股份,HAS_PRODUCT,Product,灵犀推理引擎,公司陆续推出百业灵犀私域大模型、灵犀使能平台、灵犀推理引擎、灵犀AI助手、灵犀Cube一体机及多个行业智能体,annual_000938_2025,2025年年度报告,13,核心竞争力分析,1,0.90,auto
relation_e4413af036b54a1f,Company,紫光股份,HAS_METRIC,Metric,营业收入同比增减,营业收入同比增减：22.43%。,annual_000938_2025,2025年年度报告,20,单位：元,1,1.00,auto
relation_e4b2fbbcf8b20477,Company,紫光股份,SUPPORTED_BY_POLICY,Policy,企业会计准则第22号——金融工具确认和计量,公司根据财政部《企业会计准则第22 号——金融工具确认和计量》《企业会计准则第24 号——套期会计》《企业会计准则第 37 号——金融工具列报》相关规定及其指南，对开展的外汇套期保值业务进行相应的核算处理。,annual_000938_2025,2025年年度报告,32,√适用 □不适用,1,1.00,auto
relation_e50f3bd0c149195c,Company,紫光股份,HAS_PRODUCT,Product,大模型一体机产品,发布基于DeepSeek大模型一体机全系列产品,annual_000938_2025,2025年年度报告,25,费用,1,1.00,auto
relation_e7621d1577d73704,Company,紫光股份,USES_TECHNOLOGY,Technology,人工智能,公司深化“AI in ALL”、“AI for ALL”技术战略，持续在网络、安全、计算、存储、云计算、人工智能等重点领域的研发投入,annual_000938_2025,2025年年度报告,24,费用,1,0.90,auto
relation_e7da39ed03657089,Company,紫光股份,HAS_PRODUCT,Product,网络交换机,公司在中国企业网交换机市场份额36.1%，排名第一,annual_000938_2025,2025年年度报告,14,优质的客户资源和丰富的数字化转型实践经验,1,0.90,auto
relation_e7f25594c72900cc,Company,紫光股份,BELONGS_TO_CHAIN,IndustryChain,AI算力产业链,公司深度参与多地智算中心、政务云、政务网项目建设；与多家头部互联网客户持续推进大规模算力集群与超节点系统建设；持续落地大中型智算中心建设项目。,annual_000938_2025,2025年年度报告,19,抢抓产业机遇，助力国内行业客户增强数智化水平,1,0.90,auto
relation_e959735c7a80e830,Company,紫光股份,HAS_PRODUCT,Product,IT产品分销与供应链服务,分产品：IT 产品分销与供应链服务,annual_000938_2025,2025年年度报告,20,单位：元,1,1.00,auto
relation_e971536d58536739,Company,紫光股份,HAS_PRODUCT,Product,高端路由器,公司数据中心交换机和高端路由器成功通过欧洲高级网络测试中心（EANTC）2025 互通性测试,annual_000938_2025,2025年年度报告,18,核心竞争力,1,0.90,auto
relation_eae575d58955b6dc,Company,紫光股份,HAS_PRODUCT,Product,LinSeer ICT 智能体,公司发布了 “LinSeer ICT 智能体”,annual_000938_2025,2025年年度报告,16,主营业务分析,1,0.90,auto
relation_eb87b882d40f7f43,Company,紫光股份,HAS_PRODUCT,Product,智能制造无线网络解决方案,发布智能制造无线网络解决方案,annual_000938_2025,2025年年度报告,18,核心竞争力,1,0.90,auto
relation_ec02fa18e0451512,Company,紫光股份,HAS_METRIC,Metric,营业收入比上年同期增减,营业收入比上年同期增减 22.43%,annual_000938_2025,2025年年度报告,20,单位：元,1,1.00,auto
relation_eccf8ef84f3d820c,Company,紫光股份,HAS_METRIC,Metric,经销营业收入,"经销 | 48,181,829,542.40 | 37,646,527,073.81 | 21.87% | 2.23% | 0.57% | 1.29%",annual_000938_2025,2025年年度报告,21,公司实物销售收入是否大于劳务收入,1,1.00,auto
relation_ed86c9e9ba2df95a,Company,紫光股份,BENEFITS_FROM,Workload,超大规模模型,参与新一代AI Infra体系建设，从计算、存储、网络等多维度共同打造面向超大规模模型的基础架构。,annual_000938_2025,2025年年度报告,19,抢抓产业机遇，助力国内行业客户增强数智化水平,1,0.80,auto
relation_ee182958590db732,Company,紫光股份,HAS_METRIC,Metric,营业收入,表格显示紫光股份2025年各季度营业收入数据。,annual_000938_2025,2025年年度报告,10,非经常性损益项目及金额,1,1.00,auto
relation_ee44e9a49384a711,DemandDriver,桌面级 AI 算力灵活和快速部署需求,DRIVES,Product,LinSeer MegaCube AI 一体机,满足桌面级 AI 算力灵活和快速部署需求，丰富 AI 算力产品布局,annual_000938_2025,2025年年度报告,27,公司研发投入情况,1,0.80,auto
relation_ee8c31ea6128d292,Company,紫光股份,HAS_METRIC,Metric,净利润_2025,"净利润 2,171,084,501.45",annual_000938_2025,2025年年度报告,100,营业收入,1,1.00,auto
relation_eee1429fc01eea77,Company,紫光股份,HAS_PRODUCT,Product,金融智算解决方案,公司金融智算解决方案服务多家头部银行及券商等客户,annual_000938_2025,2025年年度报告,14,优质的客户资源和丰富的数字化转型实践经验,1,0.80,auto
relation_f0531eb6bb13b82a,IndustryConcept,智算中心,UPSTREAM_OF,IndustryConcept,人工智能,基础层聚焦智算中心等核心算力设施,annual_000938_2025,2025年年度报告,12,管理层讨论与分析,1,0.80,auto
relation_f164ab65fb19c37b,Company,紫光股份,HAS_PRODUCT,Product,企业级WLAN,中国企业级WLAN市场份额27.9%，持续位列第一,annual_000938_2025,2025年年度报告,14,优质的客户资源和丰富的数字化转型实践经验,1,0.90,auto
relation_f332cd5305069942,Company,紫光股份,HAS_PRODUCT,Product,安全产品,新华三集团主要业务包括网络产品、服务器、存储产品、安全产品、云计算产品、互联网信息技术产品的研发、生产、销售等,annual_000938_2025,2025年年度报告,34,公司控制的结构化主体情况,1,0.90,auto
relation_f3a26eba67b586b9,Company,紫光股份,USES_TECHNOLOGY,Technology,云计算,公司深化“AI in ALL”、“AI for ALL”技术战略，持续在网络、安全、计算、存储、云计算、人工智能等重点领域的研发投入,annual_000938_2025,2025年年度报告,24,费用,1,0.90,auto
relation_f7b5345090203f53,Company,紫光股份,HAS_PRODUCT,Product,存储产品,为人工智能、云计算、大数据、物联网等新兴技术在行业应用提供技术领先的计算、网络、存储和安全等软硬件产品,annual_000938_2025,2025年年度报告,35,公司未来发展的展望,1,0.90,auto
relation_f7ee0b48b16b4618,Company,紫光股份,HAS_PRODUCT,Product,智算云,构建满足智算需求的专属云,annual_000938_2025,2025年年度报告,27,公司研发投入情况,1,1.00,auto
relation_f84f36864a5e5c86,Company,紫光股份,DISCLOSES_RISK,Risk,非财务报告内部控制重要缺陷,定量标准：重要缺陷：潜在风险事件可能造成的直接财产损失金额在2000 万元-8000万元（含8000 万元）之间,annual_000938_2025,2025年年度报告,53,内部控制审计报告,1,1.00,auto
relation_f95d58542b871815,Company,紫光股份,HAS_PRODUCT,Product,高速无损网络,公司打造了以高速无损网络、人工智能服务器、下一代存储、算力调度管理平台为核心的全栈智算解决方案,annual_000938_2025,2025年年度报告,16,主营业务分析,1,0.90,auto
relation_fa4aed284d512770,Company,紫光股份,USES_TECHNOLOGY,Technology,AI安全大模型,发布 AI 安全系列智能体,annual_000938_2025,2025年年度报告,26,费用,1,1.00,auto
relation_fa757686e2bc17d7,Company,紫光股份,HAS_METRIC,Metric,营业收入,"2025年紫光股份有限公司合并财务报表中营业收入为人民币96,748百万元",annual_000938_2025,2025年年度报告,91,财务报告,1,1.00,auto
relation_faee2d0433b4984f,DemandDriver,技术研发需求,DRIVES,Workload,研发项目,研发项目的立项基础是根据市场的需求与技术研发的需求,annual_000938_2025,2025年年度报告,130,重要会计政策及会计估计（续）,1,0.80,auto
relation_fb51f273306ec91a,Company,紫光股份,HAS_METRIC,Metric,预测期毛利率,毛利率14.8%-15.7%,annual_000938_2025,2025年年度报告,174,合并财务报表主要项目注释（续）,1,1.00,auto
relation_fbad615e1c418233,Company,紫光股份,HAS_PRODUCT,Product,计算,持续在网络、安全、计算、存储、云计算、人工智能等重点领域的研发投入，夯实“云—网—安—算—存—端”全栈业务布局,annual_000938_2025,2025年年度报告,24,费用,1,0.90,auto
relation_fce61c0626b2322a,Company,紫光股份,USES_TECHNOLOGY,Technology,大数据,面对以人工智能、云计算、大数据等为代表的新一代数字技术融合趋势,annual_000938_2025,2025年年度报告,24,费用,1,0.90,auto
relation_fe39ec63a7faae33,Company,紫光股份,HAS_PRODUCT,Product,网络产品,新华三集团主要业务包括网络产品、服务器、存储产品、安全产品、云计算产品、互联网信息技术产品的研发、生产、销售等,annual_000938_2025,2025年年度报告,34,公司控制的结构化主体情况,1,0.90,auto
